"../../../Engine/Plugins/Interchange/Runtime/Content/Pipelines/DefaultTexturePipeline.uasset" 0
"../../../Engine/Plugins/Interchange/Runtime/Content/Pipelines/DefaultTexturePipeline.uexp" 1
"../../../Engine/Plugins/Interchange/Runtime/Content/Pipelines/DefaultSceneLevelPipeline.uasset" 2
"../../../Engine/Plugins/Interchange/Runtime/Content/Pipelines/DefaultSceneLevelPipeline.uexp" 3
"../../../Engine/Plugins/Interchange/Runtime/Content/Pipelines/DefaultSceneAssetsPipeline.uasset" 4
"../../../Engine/Plugins/Interchange/Runtime/Content/Pipelines/DefaultSceneAssetsPipeline.uexp" 5
"../../../Engine/Plugins/Interchange/Runtime/Content/Pipelines/DefaultMaterialXPipeline.uasset" 6
"../../../Engine/Plugins/Interchange/Runtime/Content/Pipelines/DefaultMaterialXPipeline.uexp" 7
"../../../Engine/Plugins/Interchange/Runtime/Content/Pipelines/DefaultMaterialPipeline.uasset" 8
"../../../Engine/Plugins/Interchange/Runtime/Content/Pipelines/DefaultMaterialPipeline.uexp" 9
"../../../Engine/Plugins/Interchange/Runtime/Content/Pipelines/DefaultGLTFSceneAssetsPipeline.uasset" 10
"../../../Engine/Plugins/Interchange/Runtime/Content/Pipelines/DefaultGLTFSceneAssetsPipeline.uexp" 11
"../../../Engine/Plugins/Interchange/Runtime/Content/Pipelines/DefaultGLTFPipeline.uasset" 12
"../../../Engine/Plugins/Interchange/Runtime/Content/Pipelines/DefaultGLTFPipeline.uexp" 13
"../../../Engine/Plugins/Interchange/Runtime/Content/Pipelines/DefaultGLTFAssetsPipeline.uasset" 14
"../../../Engine/Plugins/Interchange/Runtime/Content/Pipelines/DefaultGLTFAssetsPipeline.uexp" 15
"../../../Engine/Plugins/Interchange/Runtime/Content/Pipelines/DefaultAssetsPipeline.uasset" 16
"../../../Engine/Plugins/Interchange/Runtime/Content/Pipelines/DefaultAssetsPipeline.uexp" 17
"../../../Engine/Plugins/Animation/ControlRig/Content/Controls/DefaultGizmoLibraryNormalized.uasset" 18
"../../../Engine/Plugins/Animation/ControlRig/Content/Controls/DefaultGizmoLibraryNormalized.uexp" 19
"../../../Engine/Plugins/Animation/ACLPlugin/Content/ACLAnimCurveCompressionSettings.uasset" 20
"../../../Engine/Plugins/Animation/ACLPlugin/Content/ACLAnimCurveCompressionSettings.uexp" 21
"../../../Engine/Plugins/Animation/ACLPlugin/Content/ACLAnimBoneCompressionSettings.uasset" 22
"../../../Engine/Plugins/Animation/ACLPlugin/Content/ACLAnimBoneCompressionSettings.uexp" 23
"../../../Engine/Plugins/2D/Paper2D/Content/PlaceholderTextures/DummySpriteTexture.ubulk" 24
"../../../Engine/Plugins/2D/Paper2D/Content/PlaceholderTextures/DummySpriteTexture.uasset" 25
"../../../Engine/Plugins/2D/Paper2D/Content/PlaceholderTextures/DummySpriteTexture.uexp" 26
"../../../Engine/Plugins/2D/Paper2D/Content/DummySprite.uasset" 27
"../../../Engine/Plugins/2D/Paper2D/Content/DummySprite.uexp" 28
"../../../Engine/Plugins/2D/Paper2D/Content/DefaultPaperTerrainMaterial.uasset" 29
"../../../Engine/Plugins/2D/Paper2D/Content/DefaultPaperTerrainMaterial.uexp" 30
"../../../Engine/Content/EngineSounds/Master.uasset" 31
"../../../Engine/Content/EngineSounds/Master.uexp" 32
"../../../Engine/Content/EngineMaterials/DefaultPhysicalMaterial.uasset" 33
"../../../Engine/Content/EngineMaterials/DefaultPhysicalMaterial.uexp" 34
"../../../Engine/Content/EngineMaterials/DefaultDestructiblePhysicalMaterial.uasset" 35
"../../../Engine/Content/EngineMaterials/DefaultDestructiblePhysicalMaterial.uexp" 36
"../../../Engine/Content/EngineFonts/Faces/RobotoLight.uexp" 37
"../../../Engine/Content/EngineFonts/Faces/RobotoLight.uasset" 38
"../../../Engine/Content/EngineFonts/Faces/RobotoLight.ufont" 39
"../../../Engine/Content/EngineFonts/Faces/RobotoBold.uexp" 40
"../../../Engine/Content/EngineFonts/Faces/RobotoBold.uasset" 41
"../../../Engine/Content/EngineFonts/Faces/RobotoBold.ufont" 42
"../../../Engine/Content/EngineFonts/Faces/RobotoRegular.uexp" 43
"../../../Engine/Content/EngineFonts/Faces/RobotoRegular.uasset" 44
"../../../Engine/Content/EngineFonts/Faces/RobotoRegular.ufont" 45
"../../../Engine/Content/EngineFonts/Faces/DroidSansFallback.uexp" 46
"../../../Engine/Content/EngineFonts/Faces/DroidSansFallback.uasset" 47
"../../../Engine/Content/EngineFonts/Faces/DroidSansFallback.ufont" 48
"../../../Engine/Content/EngineFonts/Faces/RobotoItalic.uexp" 49
"../../../Engine/Content/EngineFonts/Faces/RobotoItalic.uasset" 50
"../../../Engine/Content/EngineFonts/Faces/RobotoItalic.ufont" 51
"../../../Engine/Content/EngineFonts/Faces/RobotoBoldItalic.uexp" 52
"../../../Engine/Content/EngineFonts/Faces/RobotoBoldItalic.uasset" 53
"../../../Engine/Content/EngineFonts/Faces/RobotoBoldItalic.ufont" 54
"../../../Engine/Content/EngineFonts/Roboto.uasset" 55
"../../../Engine/Content/EngineFonts/Roboto.uexp" 56
"../../../Engine/Content/Animation/DefaultVariableFrameStrippingSettings.uasset" 57
"../../../Engine/Content/Animation/DefaultVariableFrameStrippingSettings.uexp" 58
"../../../Engine/Content/Animation/DefaultRecorderBoneCompression.uasset" 59
"../../../Engine/Content/Animation/DefaultRecorderBoneCompression.uexp" 60
"../../../Engine/Content/MobileResources/HUD/VirtualJoystick_Background.uasset" 61
"../../../Engine/Content/MobileResources/HUD/VirtualJoystick_Background.uexp" 62
"../../../Engine/Content/MobileResources/HUD/VirtualJoystick_Thumb.uasset" 63
"../../../Engine/Content/MobileResources/HUD/VirtualJoystick_Thumb.uexp" 64
"../../../Engine/Content/MobileResources/HUD/DefaultVirtualJoysticks.uasset" 65
"../../../Engine/Content/MobileResources/HUD/DefaultVirtualJoysticks.uexp" 66
"../../../Engine/Content/EditorResources/S_Actor.ubulk" 67
"../../../Engine/Content/EditorResources/S_Actor.uasset" 68
"../../../Engine/Content/EditorResources/S_Actor.uexp" 69
"../../../Engine/Content/EditorResources/S_BoxReflectionCapture.uasset" 70
"../../../Engine/Content/EditorResources/S_BoxReflectionCapture.uexp" 71
"../../../Engine/Content/EngineResources/DefaultTextureCube.uasset" 72
"../../../Engine/Content/EngineResources/DefaultTextureCube.uexp" 73
"../../../Engine/Content/EngineResources/DefaultVolumeTexture2D.uasset" 74
"../../../Engine/Content/EngineResources/DefaultVolumeTexture2D.uexp" 75
"../../../Engine/Content/EngineResources/DefaultVolumeTexture.uasset" 76
"../../../Engine/Content/EngineResources/DefaultVolumeTexture.uexp" 77
"../../../Engine/Plugins/Runtime/MeshModelingToolset/Content/Materials/M_DynamicMeshComponentVtxColor.uasset" 78
"../../../Engine/Plugins/Runtime/MeshModelingToolset/Content/Materials/M_DynamicMeshComponentVtxColor.uexp" 79
"../../../Engine/Plugins/Runtime/HairStrands/Content/Materials/HairMeshesDefaultMaterial.uasset" 80
"../../../Engine/Plugins/Runtime/HairStrands/Content/Materials/HairMeshesDefaultMaterial.uexp" 81
"../../../Engine/Plugins/Runtime/HairStrands/Content/Materials/HairDefaultMaterial.uasset" 82
"../../../Engine/Plugins/Runtime/HairStrands/Content/Materials/HairDefaultMaterial.uexp" 83
"../../../Engine/Plugins/Runtime/HairStrands/Content/Materials/HairGroupColors.uasset" 84
"../../../Engine/Plugins/Runtime/HairStrands/Content/Materials/HairGroupColors.uexp" 85
"../../../Engine/Content/Functions/Engine_MaterialFunctions02/Utility/MakeFloat2.uasset" 86
"../../../Engine/Content/Functions/Engine_MaterialFunctions02/Utility/MakeFloat2.uexp" 87
"../../../Engine/Content/Functions/Engine_MaterialFunctions02/Utility/MakeFloat3.uasset" 88
"../../../Engine/Content/Functions/Engine_MaterialFunctions02/Utility/MakeFloat3.uexp" 89
"../../../Engine/Content/EngineMaterials/HairColorMap.uasset" 90
"../../../Engine/Content/EngineMaterials/HairColorMap.uexp" 91
"../../../Engine/Content/EngineMaterials/HairDebugColor.uasset" 92
"../../../Engine/Content/EngineMaterials/HairDebugColor.uexp" 93
"../../../Engine/Plugins/Runtime/HairStrands/Content/Materials/HairDebugMaterial.uasset" 94
"../../../Engine/Plugins/Runtime/HairStrands/Content/Materials/HairDebugMaterial.uexp" 95
"../../../Engine/Plugins/Runtime/HairStrands/Content/Materials/HairCardsDefaultMaterial.uasset" 96
"../../../Engine/Plugins/Runtime/HairStrands/Content/Materials/HairCardsDefaultMaterial.uexp" 97
"../../../Engine/Plugins/Runtime/AudioWidgets/Content/Resources/ScrubHandleDown_Clamped.uasset" 98
"../../../Engine/Plugins/Runtime/AudioWidgets/Content/Resources/ScrubHandleDown_Clamped.uexp" 99
"../../../Engine/Plugins/Interchange/Assets/Content/Functions/MX_UsdPreviewSurface.uasset" 100
"../../../Engine/Plugins/Interchange/Assets/Content/Functions/MX_UsdPreviewSurface.uexp" 101
"../../../Engine/Plugins/Interchange/Assets/Content/Functions/MX_UniformEDF.uasset" 102
"../../../Engine/Plugins/Interchange/Assets/Content/Functions/MX_UniformEDF.uexp" 103
"../../../Engine/Plugins/Interchange/Assets/Content/Functions/MX_TranslucentBSDF.uasset" 104
"../../../Engine/Plugins/Interchange/Assets/Content/Functions/MX_TranslucentBSDF.uexp" 105
"../../../Engine/Plugins/Interchange/Assets/Content/Functions/MX_ThinFilmBSDF.uasset" 106
"../../../Engine/Plugins/Interchange/Assets/Content/Functions/MX_ThinFilmBSDF.uexp" 107
"../../../Engine/Plugins/Interchange/Assets/Content/Functions/MX_SurfaceUnlit.uasset" 108
"../../../Engine/Plugins/Interchange/Assets/Content/Functions/MX_SurfaceUnlit.uexp" 109
"../../../Engine/Plugins/Interchange/Assets/Content/Functions/MX_Surface.uasset" 110
"../../../Engine/Plugins/Interchange/Assets/Content/Functions/MX_Surface.uexp" 111
"../../../Engine/Plugins/Interchange/Assets/Content/Functions/MX_SubsurfaceBSDF.uasset" 112
"../../../Engine/Plugins/Interchange/Assets/Content/Functions/MX_SubsurfaceBSDF.uexp" 113
"../../../Engine/Plugins/Interchange/Assets/Content/Functions/MX_SheenBSDF.uasset" 114
"../../../Engine/Plugins/Interchange/Assets/Content/Functions/MX_SheenBSDF.uexp" 115
"../../../Engine/Plugins/Interchange/Assets/Content/Functions/MX_OrenNayarBSDF.uasset" 116
"../../../Engine/Plugins/Interchange/Assets/Content/Functions/MX_OrenNayarBSDF.uexp" 117
"../../../Engine/Plugins/Interchange/Assets/Content/Utilities/New_LUT.uasset" 118
"../../../Engine/Plugins/Interchange/Assets/Content/Utilities/New_LUT.uexp" 119
"../../../Engine/Content/Functions/Engine_MaterialFunctions03/Math/RemapValueRange.uasset" 120
"../../../Engine/Content/Functions/Engine_MaterialFunctions03/Math/RemapValueRange.uexp" 121
"../../../Engine/Plugins/Interchange/Assets/Content/Functions/MF_Iridescence.uasset" 122
"../../../Engine/Plugins/Interchange/Assets/Content/Functions/MF_Iridescence.uexp" 123
"../../../Engine/Plugins/Interchange/Assets/Content/Functions/MX_StandardSurface.uasset" 124
"../../../Engine/Plugins/Interchange/Assets/Content/Functions/MX_StandardSurface.uexp" 125
"../../../Engine/Plugins/Interchange/Assets/Content/Functions/MX_TransmissionSurface.uasset" 126
"../../../Engine/Plugins/Interchange/Assets/Content/Functions/MX_TransmissionSurface.uexp" 127
"../../../Engine/Plugins/Interchange/Assets/Content/Functions/MX_OpenPBR_Translucent.uasset" 128
"../../../Engine/Plugins/Interchange/Assets/Content/Functions/MX_OpenPBR_Translucent.uexp" 129
"../../../Engine/Plugins/Interchange/Assets/Content/Functions/MX_OpenPBR_Opaque.uasset" 130
"../../../Engine/Plugins/Interchange/Assets/Content/Functions/MX_OpenPBR_Opaque.uexp" 131
"../../../Engine/Plugins/Interchange/Assets/Content/Functions/MX_MeasuredEDF.uasset" 132
"../../../Engine/Plugins/Interchange/Assets/Content/Functions/MX_MeasuredEDF.uexp" 133
"../../../Engine/Plugins/Interchange/Assets/Content/Functions/MX_GeneralizedSchlickBSDF.uasset" 134
"../../../Engine/Plugins/Interchange/Assets/Content/Functions/MX_GeneralizedSchlickBSDF.uexp" 135
"../../../Engine/Plugins/Interchange/Assets/Content/Functions/MX_DielectricBSDF.uasset" 136
"../../../Engine/Plugins/Interchange/Assets/Content/Functions/MX_DielectricBSDF.uexp" 137
"../../../Engine/Plugins/Interchange/Assets/Content/Functions/MX_ConicalEDF.uasset" 138
"../../../Engine/Plugins/Interchange/Assets/Content/Functions/MX_ConicalEDF.uexp" 139
"../../../Engine/Plugins/Interchange/Assets/Content/Functions/MX_ConductorBSDF.uasset" 140
"../../../Engine/Plugins/Interchange/Assets/Content/Functions/MX_ConductorBSDF.uexp" 141
"../../../Engine/Plugins/Interchange/Assets/Content/Functions/MX_BurleyDiffuseBSDF.uasset" 142
"../../../Engine/Plugins/Interchange/Assets/Content/Functions/MX_BurleyDiffuseBSDF.uexp" 143
"../../../Engine/Plugins/Interchange/Assets/Content/Functions/MX_AnisotropicVDF.uasset" 144
"../../../Engine/Plugins/Interchange/Assets/Content/Functions/MX_AnisotropicVDF.uexp" 145
"../../../Engine/Plugins/Interchange/Assets/Content/Functions/MX_AbsorptionVDF.uasset" 146
"../../../Engine/Plugins/Interchange/Assets/Content/Functions/MX_AbsorptionVDF.uexp" 147
"../../../Engine/Plugins/Editor/SpeedTreeImporter/Content/SpeedTree9/game_wind_noise.ubulk" 148
"../../../Engine/Plugins/Editor/SpeedTreeImporter/Content/SpeedTree9/game_wind_noise.uasset" 149
"../../../Engine/Plugins/Editor/SpeedTreeImporter/Content/SpeedTree9/game_wind_noise.uexp" 150
"../../../Engine/Plugins/Editor/SpeedTreeImporter/Content/SpeedTree9/UnpackDirection.uasset" 151
"../../../Engine/Plugins/Editor/SpeedTreeImporter/Content/SpeedTree9/UnpackDirection.uexp" 152
"../../../Engine/Content/Functions/Engine_MaterialFunctions02/ObjectLocalBounds.uasset" 153
"../../../Engine/Content/Functions/Engine_MaterialFunctions02/ObjectLocalBounds.uexp" 154
"../../../Engine/Content/Functions/Engine_MaterialFunctions02/Utility/BreakOutFloat3Components.uasset" 155
"../../../Engine/Content/Functions/Engine_MaterialFunctions02/Utility/BreakOutFloat3Components.uexp" 156
"../../../Engine/Content/Functions/Engine_MaterialFunctions02/UVs/BoundingBoxBased_0-1_UVW.uasset" 157
"../../../Engine/Content/Functions/Engine_MaterialFunctions02/UVs/BoundingBoxBased_0-1_UVW.uexp" 158
"../../../Engine/Content/Functions/Engine_MaterialFunctions02/Utility/VectorLength.uasset" 159
"../../../Engine/Content/Functions/Engine_MaterialFunctions02/Utility/VectorLength.uexp" 160
"../../../Engine/Plugins/Editor/SpeedTreeImporter/Content/SpeedTree9/UnpackInteger3.uasset" 161
"../../../Engine/Plugins/Editor/SpeedTreeImporter/Content/SpeedTree9/UnpackInteger3.uexp" 162
"../../../Engine/Plugins/Editor/SpeedTreeImporter/Content/SpeedTree9/SpeedTreeCameraFacing.uasset" 163
"../../../Engine/Plugins/Editor/SpeedTreeImporter/Content/SpeedTree9/SpeedTreeCameraFacing.uexp" 164
"../../../Engine/Content/Functions/Engine_MaterialFunctions02/WorldPositionOffset/ObjectScale.uasset" 165
"../../../Engine/Content/Functions/Engine_MaterialFunctions02/WorldPositionOffset/ObjectScale.uexp" 166
"../../../Engine/Content/Functions/Engine_MaterialFunctions02/SafeNormalize.uasset" 167
"../../../Engine/Content/Functions/Engine_MaterialFunctions02/SafeNormalize.uexp" 168
"../../../Engine/Plugins/Editor/SpeedTreeImporter/Content/SpeedTree9/SpeedTreeWindMotion.uasset" 169
"../../../Engine/Plugins/Editor/SpeedTreeImporter/Content/SpeedTree9/SpeedTreeWindMotion.uexp" 170
"../../../Engine/Plugins/Editor/SpeedTreeImporter/Content/SpeedTree9/SpeedTreeBranchMotion.uasset" 171
"../../../Engine/Plugins/Editor/SpeedTreeImporter/Content/SpeedTree9/SpeedTreeBranchMotion.uexp" 172
"../../../Engine/Plugins/Editor/SpeedTreeImporter/Content/SpeedTree9/SpeedTreeWind.uasset" 173
"../../../Engine/Plugins/Editor/SpeedTreeImporter/Content/SpeedTree9/SpeedTreeWind.uexp" 174
"../../../Engine/Plugins/Editor/SpeedTreeImporter/Content/SpeedTree9/EmptyNormal.uasset" 175
"../../../Engine/Plugins/Editor/SpeedTreeImporter/Content/SpeedTree9/EmptyNormal.uexp" 176
"../../../Engine/Plugins/Editor/SpeedTreeImporter/Content/SpeedTree9/Empty.uasset" 177
"../../../Engine/Plugins/Editor/SpeedTreeImporter/Content/SpeedTree9/Empty.uexp" 178
"../../../Engine/Plugins/Editor/SpeedTreeImporter/Content/SpeedTree9/SpeedTreeMaster.uasset" 179
"../../../Engine/Plugins/Editor/SpeedTreeImporter/Content/SpeedTree9/SpeedTreeMaster.uexp" 180
"../../../Engine/Plugins/Editor/SpeedTreeImporter/Content/SpeedTree9/SpeedTreeBillboard.uasset" 181
"../../../Engine/Plugins/Editor/SpeedTreeImporter/Content/SpeedTree9/SpeedTreeBillboard.uexp" 182
"../../../Engine/Plugins/Editor/SpeedTreeImporter/Content/SpeedTree9/SpeedTreeBillboardMaster.uasset" 183
"../../../Engine/Plugins/Editor/SpeedTreeImporter/Content/SpeedTree9/SpeedTreeBillboardMaster.uexp" 184
"../../../Engine/Content/Functions/Engine_MaterialFunctions02/WorldPositionOffset/CameraOffset.uasset" 185
"../../../Engine/Content/Functions/Engine_MaterialFunctions02/WorldPositionOffset/CameraOffset.uexp" 186
"../../../Engine/Plugins/Animation/ControlRig/Content/M_Manip.uasset" 187
"../../../Engine/Plugins/Animation/ControlRig/Content/M_Manip.uexp" 188
"../../../Engine/Plugins/Animation/ControlRig/Content/Controls/ControlRigXRayMaterial.uasset" 189
"../../../Engine/Plugins/Animation/ControlRig/Content/Controls/ControlRigXRayMaterial.uexp" 190
"../../../Engine/Plugins/Animation/ControlRig/Content/Controls/ControlRigGizmoMaterial.uasset" 191
"../../../Engine/Plugins/Animation/ControlRig/Content/Controls/ControlRigGizmoMaterial.uexp" 192
"../../../Engine/Content/EngineResources/GradientTexture0.uasset" 193
"../../../Engine/Content/EngineResources/GradientTexture0.uexp" 194
"../../../Engine/Content/EngineResources/Black.uasset" 195
"../../../Engine/Content/EngineResources/Black.uexp" 196
"../../../Engine/Content/EngineMaterials/RemoveSurfaceMaterial.uasset" 197
"../../../Engine/Content/EngineMaterials/RemoveSurfaceMaterial.uexp" 198
"../../../Engine/Content/EngineMaterials/PreintegratedSkinBRDF.uasset" 199
"../../../Engine/Content/EngineMaterials/PreintegratedSkinBRDF.uexp" 200
"../../../Engine/Content/EngineMaterials/DefaultCalibrationGrayscale.uasset" 201
"../../../Engine/Content/EngineMaterials/DefaultCalibrationGrayscale.uexp" 202
"../../../Engine/Content/EngineMaterials/PPM_DefaultCalibrationGrayscale.uasset" 203
"../../../Engine/Content/EngineMaterials/PPM_DefaultCalibrationGrayscale.uexp" 204
"../../../Engine/Content/EngineMaterials/DefaultCalibrationColor.uasset" 205
"../../../Engine/Content/EngineMaterials/DefaultCalibrationColor.uexp" 206
"../../../Engine/Content/EngineMaterials/PPM_DefaultCalibrationColor.uasset" 207
"../../../Engine/Content/EngineMaterials/PPM_DefaultCalibrationColor.uexp" 208
"../../../Engine/Content/EngineMaterials/PhAT_JointLimitMaterial.uasset" 209
"../../../Engine/Content/EngineMaterials/PhAT_JointLimitMaterial.uexp" 210
"../../../Engine/Content/EngineMaterials/NaniteHiddenSectionMaterial.uasset" 211
"../../../Engine/Content/EngineMaterials/NaniteHiddenSectionMaterial.uexp" 212
"../../../Engine/Content/EngineMaterials/InvalidLightmapSettings.ubulk" 213
"../../../Engine/Content/EngineMaterials/InvalidLightmapSettings.uasset" 214
"../../../Engine/Content/EngineMaterials/InvalidLightmapSettings.uexp" 215
"../../../Engine/Content/EngineMaterials/M_InvalidLightmapSettings.uasset" 216
"../../../Engine/Content/EngineMaterials/M_InvalidLightmapSettings.uexp" 217
"../../../Engine/Content/EngineMaterials/MiniFont.uasset" 218
"../../../Engine/Content/EngineMaterials/MiniFont.uexp" 219
"../../../Engine/Content/EngineMaterials/GizmoMaterial.uasset" 220
"../../../Engine/Content/EngineMaterials/GizmoMaterial.uexp" 221
"../../../Engine/Content/EngineMaterials/BaseFlattenEmissiveMap_VT.uasset" 222
"../../../Engine/Content/EngineMaterials/BaseFlattenEmissiveMap_VT.uexp" 223
"../../../Engine/Content/EngineMaterials/BaseFlattenGrayscaleMap_VT.uasset" 224
"../../../Engine/Content/EngineMaterials/BaseFlattenGrayscaleMap_VT.uexp" 225
"../../../Engine/Content/EngineMaterials/BaseFlattenLinearColor_VT.uasset" 226
"../../../Engine/Content/EngineMaterials/BaseFlattenLinearColor_VT.uexp" 227
"../../../Engine/Content/EngineMaterials/Black_1x1_EXR_Texture_VT.uasset" 228
"../../../Engine/Content/EngineMaterials/Black_1x1_EXR_Texture_VT.uexp" 229
"../../../Engine/Content/EngineMaterials/BaseFlattenDiffuseMap_VT.uasset" 230
"../../../Engine/Content/EngineMaterials/BaseFlattenDiffuseMap_VT.uexp" 231
"../../../Engine/Content/EngineMaterials/BaseFlattenNormalMap_VT.uasset" 232
"../../../Engine/Content/EngineMaterials/BaseFlattenNormalMap_VT.uexp" 233
"../../../Engine/Content/EngineMaterials/FlattenMaterial_WS_Normal_VT.uasset" 234
"../../../Engine/Content/EngineMaterials/FlattenMaterial_WS_Normal_VT.uexp" 235
"../../../Engine/Content/EngineMaterials/FlattenMaterial_VT.uasset" 236
"../../../Engine/Content/EngineMaterials/FlattenMaterial_VT.uexp" 237
"../../../Engine/Content/EngineMaterials/BaseFlattenNormalMap.uasset" 238
"../../../Engine/Content/EngineMaterials/BaseFlattenNormalMap.uexp" 239
"../../../Engine/Content/EngineMaterials/BaseFlattenGrayscaleMap.uasset" 240
"../../../Engine/Content/EngineMaterials/BaseFlattenGrayscaleMap.uexp" 241
"../../../Engine/Content/EngineMaterials/BaseFlattenDiffuseMap.uasset" 242
"../../../Engine/Content/EngineMaterials/BaseFlattenDiffuseMap.uexp" 243
"../../../Engine/Content/Functions/Engine_MaterialFunctions02/PivotPainter2/Black_1x1_EXR_Texture.uasset" 244
"../../../Engine/Content/Functions/Engine_MaterialFunctions02/PivotPainter2/Black_1x1_EXR_Texture.uexp" 245
"../../../Engine/Content/EngineMaterials/BaseFlattenEmissiveMap.uasset" 246
"../../../Engine/Content/EngineMaterials/BaseFlattenEmissiveMap.uexp" 247
"../../../Engine/Content/EngineMaterials/BaseFlattenLinearColor.uasset" 248
"../../../Engine/Content/EngineMaterials/BaseFlattenLinearColor.uexp" 249
"../../../Engine/Content/EngineMaterials/FlattenMaterial.uasset" 250
"../../../Engine/Content/EngineMaterials/FlattenMaterial.uexp" 251
"../../../Engine/Content/EngineMaterials/FastBlueNoise_vec2_128x128x64.uasset" 252
"../../../Engine/Content/EngineMaterials/FastBlueNoise_vec2_128x128x64.uexp" 253
"../../../Engine/Content/EngineMaterials/FastBlueNoise_scalar_128x128x64.uasset" 254
"../../../Engine/Content/EngineMaterials/FastBlueNoise_scalar_128x128x64.uexp" 255
"../../../Engine/Content/EngineMaterials/DefaultWhiteGrid_Low.uasset" 256
"../../../Engine/Content/EngineMaterials/DefaultWhiteGrid_Low.uexp" 257
"../../../Engine/Content/EngineMaterials/EmissiveMeshMaterial.uasset" 258
"../../../Engine/Content/EngineMaterials/EmissiveMeshMaterial.uexp" 259
"../../../Engine/Content/EngineMaterials/DefaultWhiteGrid.ubulk" 260
"../../../Engine/Content/EngineMaterials/DefaultWhiteGrid.uasset" 261
"../../../Engine/Content/EngineMaterials/DefaultWhiteGrid.uexp" 262
"../../../Engine/Content/EngineFonts/RobotoDistanceField.uasset" 263
"../../../Engine/Content/EngineFonts/RobotoDistanceField.uexp" 264
"../../../Engine/Content/EngineMaterials/DefaultTextMaterialOpaque.uasset" 265
"../../../Engine/Content/EngineMaterials/DefaultTextMaterialOpaque.uexp" 266
"../../../Engine/Content/EngineMaterials/DefaultDiffuse.ubulk" 267
"../../../Engine/Content/EngineMaterials/DefaultDiffuse.uasset" 268
"../../../Engine/Content/EngineMaterials/DefaultDiffuse.uexp" 269
"../../../Engine/Content/Functions/Engine_MaterialFunctions02/Utility/BreakOutFloat2Components.uasset" 270
"../../../Engine/Content/Functions/Engine_MaterialFunctions02/Utility/BreakOutFloat2Components.uexp" 271
"../../../Engine/Content/EngineMaterials/DefaultPostProcessMaterial.uasset" 272
"../../../Engine/Content/EngineMaterials/DefaultPostProcessMaterial.uexp" 273
"../../../Engine/Content/EngineMaterials/DefaultLightFunctionMaterial.uasset" 274
"../../../Engine/Content/EngineMaterials/DefaultLightFunctionMaterial.uexp" 275
"../../../Engine/Content/EngineMaterials/DefaultDeferredDecalMaterial.uasset" 276
"../../../Engine/Content/EngineMaterials/DefaultDeferredDecalMaterial.uexp" 277
"../../../Engine/Content/EngineMaterials/DefaultBokeh.uasset" 278
"../../../Engine/Content/EngineMaterials/DefaultBokeh.uexp" 279
"../../../Engine/Content/EngineMaterials/DefaultBloomKernel.uasset" 280
"../../../Engine/Content/EngineMaterials/DefaultBloomKernel.uexp" 281
"../../../Engine/Content/Functions/Engine_MaterialFunctions02/Utility/CameraDirectionVector.uasset" 282
"../../../Engine/Content/Functions/Engine_MaterialFunctions02/Utility/CameraDirectionVector.uexp" 283
"../../../Engine/Content/EngineDebugMaterials/VolumeToRender.uasset" 284
"../../../Engine/Content/EngineDebugMaterials/VolumeToRender.uexp" 285
"../../../Engine/Content/EngineDebugMaterials/M_VolumeRenderSphereTracePP.uasset" 286
"../../../Engine/Content/EngineDebugMaterials/M_VolumeRenderSphereTracePP.uexp" 287
"../../../Engine/Content/EngineDebugMaterials/M_SimpleUnlitTranslucent.uasset" 288
"../../../Engine/Content/EngineDebugMaterials/M_SimpleUnlitTranslucent.uexp" 289
"../../../Engine/Content/EngineDebugMaterials/DebugMeshMaterial.uasset" 290
"../../../Engine/Content/EngineDebugMaterials/DebugMeshMaterial.uexp" 291
"../../../Engine/Content/EngineDebugMaterials/DebugEditorMaterial.uasset" 292
"../../../Engine/Content/EngineDebugMaterials/DebugEditorMaterial.uexp" 293
"../../../Engine/Content/EngineDamageTypes/DmgTypeBP_Environmental.uasset" 294
"../../../Engine/Content/EngineDamageTypes/DmgTypeBP_Environmental.uexp" 295
"../../../Engine/Content/EditorResources/S_TriggerSphere.uasset" 296
"../../../Engine/Content/EditorResources/S_TriggerSphere.uexp" 297
"../../../Engine/Content/EditorResources/S_TriggerCapsule.uasset" 298
"../../../Engine/Content/EditorResources/S_TriggerCapsule.uexp" 299
"../../../Engine/Content/EditorResources/S_TriggerBox.uasset" 300
"../../../Engine/Content/EditorResources/S_TriggerBox.uexp" 301
"../../../Engine/Content/EditorResources/S_Trigger.ubulk" 302
"../../../Engine/Content/EditorResources/S_Trigger.uasset" 303
"../../../Engine/Content/EditorResources/S_Trigger.uexp" 304
"../../../Engine/Content/EditorResources/S_Terrain.ubulk" 305
"../../../Engine/Content/EditorResources/S_Terrain.uasset" 306
"../../../Engine/Content/EditorResources/S_Terrain.uexp" 307
"../../../Engine/Content/EditorResources/S_Solver.ubulk" 308
"../../../Engine/Content/EditorResources/S_Solver.uasset" 309
"../../../Engine/Content/EditorResources/S_Solver.uexp" 310
"../../../Engine/Content/EditorResources/EmptyActor.uasset" 311
"../../../Engine/Content/EditorResources/EmptyActor.uexp" 312
"../../../Engine/Content/EditorResources/BSPVertex.uasset" 313
"../../../Engine/Content/EditorResources/BSPVertex.uexp" 314
"../../../Engine/Content/EditorMaterials/PreviewShadowIndicator.ubulk" 315
"../../../Engine/Content/EditorMaterials/PreviewShadowIndicator.uasset" 316
"../../../Engine/Content/EditorMaterials/PreviewShadowIndicator.uexp" 317
"../../../Engine/Content/EditorMaterials/PreviewShadowIndicatorMaterial.uasset" 318
"../../../Engine/Content/EditorMaterials/PreviewShadowIndicatorMaterial.uexp" 319
"../../../Engine/Content/EditorMaterials/PhAT_UnselectedMaterial.uasset" 320
"../../../Engine/Content/EditorMaterials/PhAT_UnselectedMaterial.uexp" 321
"../../../Engine/Content/EditorMaterials/PhAT_NoCollisionMaterial.uasset" 322
"../../../Engine/Content/EditorMaterials/PhAT_NoCollisionMaterial.uexp" 323
"../../../Engine/Content/EditorLandscapeResources/DefaultAlphaTexture.uasset" 324
"../../../Engine/Content/EditorLandscapeResources/DefaultAlphaTexture.uexp" 325
"../../../Engine/Content/BasicShapes/BasicShapeMaterial.uasset" 326
"../../../Engine/Content/BasicShapes/BasicShapeMaterial.uexp" 327
"../../../Engine/Content/EngineResources/FilmGrains/Marcie_Grain_v3_128_M2_000.uasset" 328
"../../../Engine/Content/EngineResources/FilmGrains/Marcie_Grain_v3_128_M2_000.uexp" 329
"../../../Engine/Content/EngineMaterials/LTC/Sheen_LTC.uasset" 330
"../../../Engine/Content/EngineMaterials/LTC/Sheen_LTC.uexp" 331
"../../../Engine/Content/EngineMaterials/LTC/GGX_LTCMat.uasset" 332
"../../../Engine/Content/EngineMaterials/LTC/GGX_LTCMat.uexp" 333
"../../../Engine/Content/EngineMaterials/LTC/GGX_LTCAmp.uasset" 334
"../../../Engine/Content/EngineMaterials/LTC/GGX_LTCAmp.uexp" 335
"../../../Engine/Content/EngineMaterials/EnergyConservation/Sheen_Energy.uasset" 336
"../../../Engine/Content/EngineMaterials/EnergyConservation/Sheen_Energy.uexp" 337
"../../../Engine/Content/EngineMaterials/EnergyConservation/SheenLegacy_Energy.uasset" 338
"../../../Engine/Content/EngineMaterials/EnergyConservation/SheenLegacy_Energy.uexp" 339
"../../../Engine/Content/EngineMaterials/EnergyConservation/GGX_TransmissionEnergyArray.uasset" 340
"../../../Engine/Content/EngineMaterials/EnergyConservation/GGX_TransmissionEnergyArray.uexp" 341
"../../../Engine/Content/EngineMaterials/EnergyConservation/GGX_ReflectionEnergy.uasset" 342
"../../../Engine/Content/EngineMaterials/EnergyConservation/GGX_ReflectionEnergy.uexp" 343
"../../../Engine/Content/EngineMaterials/EnergyConservation/Diffuse_Energy.uasset" 344
"../../../Engine/Content/EngineMaterials/EnergyConservation/Diffuse_Energy.uexp" 345
"../../../Engine/Content/EditorResources/SequenceRecorder/RecordingIndicator.uasset" 346
"../../../Engine/Content/EditorResources/SequenceRecorder/RecordingIndicator.uexp" 347
"../../../Engine/Content/EditorResources/SequenceRecorder/Countdown.uasset" 348
"../../../Engine/Content/EditorResources/SequenceRecorder/Countdown.uexp" 349
"../../../Engine/Content/EditorMaterials/ParticleSystems/PSysThumbnail_OOD.ubulk" 350
"../../../Engine/Content/EditorMaterials/ParticleSystems/PSysThumbnail_OOD.uasset" 351
"../../../Engine/Content/EditorMaterials/ParticleSystems/PSysThumbnail_OOD.uexp" 352
"../../../Engine/Content/EditorMaterials/ParticleSystems/PSysThumbnail_NoImage.ubulk" 353
"../../../Engine/Content/EditorMaterials/ParticleSystems/PSysThumbnail_NoImage.uasset" 354
"../../../Engine/Content/EditorMaterials/ParticleSystems/PSysThumbnail_NoImage.uexp" 355
"../../../Engine/Content/EditorMaterials/Dataflow/DataflowVertexMaterial.uasset" 356
"../../../Engine/Content/EditorMaterials/Dataflow/DataflowVertexMaterial.uexp" 357
"../../../Engine/Content/EditorMaterials/Dataflow/DataflowTwoSidedVertexMaterial.uasset" 358
"../../../Engine/Content/EditorMaterials/Dataflow/DataflowTwoSidedVertexMaterial.uexp" 359
"../../../Engine/Content/Functions/Engine_MaterialFunctions01/Shading/PowerToRoughness.uasset" 360
"../../../Engine/Content/Functions/Engine_MaterialFunctions01/Shading/PowerToRoughness.uexp" 361
"../../../Engine/Content/Functions/Engine_MaterialFunctions01/Shading/ConvertFromDiffSpec.uasset" 362
"../../../Engine/Content/Functions/Engine_MaterialFunctions01/Shading/ConvertFromDiffSpec.uexp" 363
"../../../Engine/Content/EngineMaterials/Substrate/Volume/SubstrateSimpleVolumeLUT3D.uasset" 364
"../../../Engine/Content/EngineMaterials/Substrate/Volume/SubstrateSimpleVolumeLUT3D.uexp" 365
"../../../Engine/Content/EngineMaterials/Substrate/Volume/SubstrateSimpleVolumeEnvLUT3D.uasset" 366
"../../../Engine/Content/EngineMaterials/Substrate/Volume/SubstrateSimpleVolumeEnvLUT3D.uexp" 367
"../../../Engine/Content/EngineMaterials/Substrate/GLints2/AGlintTex2dArray2.uasset" 368
"../../../Engine/Content/EngineMaterials/Substrate/GLints2/AGlintTex2dArray2.uexp" 369
"../../../Engine/Content/EngineMaterials/Substrate/GLints/AGlintTex2dArray.uasset" 370
"../../../Engine/Content/EngineMaterials/Substrate/GLints/AGlintTex2dArray.uexp" 371
"../../../Engine/Content/EngineSky/VolumetricClouds/T_CloudMask.ubulk" 372
"../../../Engine/Content/EngineSky/VolumetricClouds/T_CloudMask.uasset" 373
"../../../Engine/Content/EngineSky/VolumetricClouds/T_CloudMask.uexp" 374
"../../../Engine/Content/EngineSky/VolumetricClouds/VT_Lightning.uasset" 375
"../../../Engine/Content/EngineSky/VolumetricClouds/VT_Lightning.uexp" 376
"../../../Engine/Content/EngineSky/VolumetricClouds/T_Profile_08.ubulk" 377
"../../../Engine/Content/EngineSky/VolumetricClouds/T_Profile_08.uasset" 378
"../../../Engine/Content/EngineSky/VolumetricClouds/T_Profile_08.uexp" 379
"../../../Engine/Content/Functions/Engine_MaterialFunctions02/Utility/MakeFloat4.uasset" 380
"../../../Engine/Content/Functions/Engine_MaterialFunctions02/Utility/MakeFloat4.uexp" 381
"../../../Engine/Content/Functions/Engine_MaterialFunctions01/Units/Km-to-Cm.uasset" 382
"../../../Engine/Content/Functions/Engine_MaterialFunctions01/Units/Km-to-Cm.uexp" 383
"../../../Engine/Content/Functions/Engine_MaterialFunctions02/Utility/BreakOutFloat4Components.uasset" 384
"../../../Engine/Content/Functions/Engine_MaterialFunctions02/Utility/BreakOutFloat4Components.uexp" 385
"../../../Engine/Content/EngineSky/VolumetricClouds/T_CloudPattern.ubulk" 386
"../../../Engine/Content/EngineSky/VolumetricClouds/T_CloudPattern.uasset" 387
"../../../Engine/Content/EngineSky/VolumetricClouds/T_CloudPattern.uexp" 388
"../../../Engine/Content/EngineSky/VolumetricClouds/VT_PerlinWorley_Balanced.uasset" 389
"../../../Engine/Content/EngineSky/VolumetricClouds/VT_PerlinWorley_Balanced.uexp" 390
"../../../Engine/Content/EngineSky/VolumetricClouds/m_SimpleVolumetricCloud.uasset" 391
"../../../Engine/Content/EngineSky/VolumetricClouds/m_SimpleVolumetricCloud.uexp" 392
"../../../Engine/Content/EngineSky/VolumetricClouds/m_SimpleVolumetricCloud_Inst.uasset" 393
"../../../Engine/Content/EngineSky/VolumetricClouds/m_SimpleVolumetricCloud_Inst.uexp" 394
"../../../Engine/Content/Functions/Engine_MaterialFunctions02/Math/Transform3x3Matrix.uasset" 395
"../../../Engine/Content/Functions/Engine_MaterialFunctions02/Math/Transform3x3Matrix.uexp" 396
"../../../Engine/Plugins/Interchange/Assets/Content/gltf/Textures/T_White_srgb.uasset" 397
"../../../Engine/Plugins/Interchange/Assets/Content/gltf/Textures/T_White_srgb.uexp" 398
"../../../Engine/Plugins/Interchange/Assets/Content/gltf/MaterialFunctions/MF_Specular.uasset" 399
"../../../Engine/Plugins/Interchange/Assets/Content/gltf/MaterialFunctions/MF_Specular.uexp" 400
"../../../Engine/Plugins/Interchange/Assets/Content/gltf/Textures/T_Anisotropy_Direction_Linear.uasset" 401
"../../../Engine/Plugins/Interchange/Assets/Content/gltf/Textures/T_Anisotropy_Direction_Linear.uexp" 402
"../../../Engine/Plugins/Interchange/Assets/Content/gltf/MaterialFunctions/MF_SpecularAnisotropy.uasset" 403
"../../../Engine/Plugins/Interchange/Assets/Content/gltf/MaterialFunctions/MF_SpecularAnisotropy.uexp" 404
"../../../Engine/Plugins/Interchange/Assets/Content/gltf/Textures/T_White_Linear.uasset" 405
"../../../Engine/Plugins/Interchange/Assets/Content/gltf/Textures/T_White_Linear.uexp" 406
"../../../Engine/Plugins/Interchange/Assets/Content/gltf/MaterialFunctions/MF_MetallicRoughness.uasset" 407
"../../../Engine/Plugins/Interchange/Assets/Content/gltf/MaterialFunctions/MF_MetallicRoughness.uexp" 408
"../../../Engine/Plugins/Interchange/Assets/Content/gltf/Textures/T_Generic_N.uasset" 409
"../../../Engine/Plugins/Interchange/Assets/Content/gltf/Textures/T_Generic_N.uexp" 410
"../../../Engine/Plugins/Interchange/Assets/Content/gltf/MaterialFunctions/MF_ScaleNormal.uasset" 411
"../../../Engine/Plugins/Interchange/Assets/Content/gltf/MaterialFunctions/MF_ScaleNormal.uexp" 412
"../../../Engine/Plugins/Interchange/Assets/Content/gltf/MaterialFunctions/MF_BaseColor.uasset" 413
"../../../Engine/Plugins/Interchange/Assets/Content/gltf/MaterialFunctions/MF_BaseColor.uexp" 414
"../../../Engine/Plugins/Interchange/Assets/Content/gltf/MaterialFunctions/MF_Iridescence.uasset" 415
"../../../Engine/Plugins/Interchange/Assets/Content/gltf/MaterialFunctions/MF_Iridescence.uexp" 416
"../../../Engine/Plugins/Interchange/Assets/Content/gltf/MaterialFunctions/MF_Occlusion.uasset" 417
"../../../Engine/Plugins/Interchange/Assets/Content/gltf/MaterialFunctions/MF_Occlusion.uexp" 418
"../../../Engine/Plugins/Interchange/Assets/Content/gltf/MaterialFunctions/MF_IOR.uasset" 419
"../../../Engine/Plugins/Interchange/Assets/Content/gltf/MaterialFunctions/MF_IOR.uexp" 420
"../../../Engine/Plugins/Interchange/Assets/Content/gltf/MaterialFunctions/MF_RotateV2.uasset" 421
"../../../Engine/Plugins/Interchange/Assets/Content/gltf/MaterialFunctions/MF_RotateV2.uexp" 422
"../../../Engine/Plugins/Interchange/Assets/Content/gltf/MaterialFunctions/MF_TransformUVs.uasset" 423
"../../../Engine/Plugins/Interchange/Assets/Content/gltf/MaterialFunctions/MF_TransformUVs.uexp" 424
"../../../Engine/Plugins/Interchange/Assets/Content/gltf/MaterialFunctions/MF_Emissive.uasset" 425
"../../../Engine/Plugins/Interchange/Assets/Content/gltf/MaterialFunctions/MF_Emissive.uexp" 426
"../../../Engine/Plugins/Interchange/Assets/Content/gltf/MaterialFunctions/MF_RotateNormals_TS.uasset" 427
"../../../Engine/Plugins/Interchange/Assets/Content/gltf/MaterialFunctions/MF_RotateNormals_TS.uexp" 428
"../../../Engine/Plugins/Interchange/Assets/Content/gltf/MaterialFunctions/MF_Normals.uasset" 429
"../../../Engine/Plugins/Interchange/Assets/Content/gltf/MaterialFunctions/MF_Normals.uexp" 430
"../../../Engine/Content/Functions/Engine_MaterialFunctions01/Texturing/FlattenNormal.uasset" 431
"../../../Engine/Content/Functions/Engine_MaterialFunctions01/Texturing/FlattenNormal.uexp" 432
"../../../Engine/Plugins/Interchange/Assets/Content/gltf/MaterialFunctions/MF_Clearcoat.uasset" 433
"../../../Engine/Plugins/Interchange/Assets/Content/gltf/MaterialFunctions/MF_Clearcoat.uexp" 434
"../../../Engine/Plugins/Interchange/Assets/Content/gltf/MaterialBodies/MF_ClearCoat_Body.uasset" 435
"../../../Engine/Plugins/Interchange/Assets/Content/gltf/MaterialBodies/MF_ClearCoat_Body.uexp" 436
"../../../Engine/Plugins/Interchange/Assets/Content/gltf/M_ClearCoat.uasset" 437
"../../../Engine/Plugins/Interchange/Assets/Content/gltf/M_ClearCoat.uexp" 438
"../../../Engine/Plugins/Interchange/Assets/Content/gltf/MaterialInstances/MI_ClearCoat_Blend.uasset" 439
"../../../Engine/Plugins/Interchange/Assets/Content/gltf/MaterialInstances/MI_ClearCoat_Blend.uexp" 440
"../../../Engine/Plugins/Interchange/Assets/Content/gltf/MaterialInstances/MI_ClearCoat_Blend_DS.uasset" 441
"../../../Engine/Plugins/Interchange/Assets/Content/gltf/MaterialInstances/MI_ClearCoat_Blend_DS.uexp" 442
"../../../Engine/Plugins/Interchange/Assets/Content/gltf/MaterialInstances/MI_ClearCoat_Mask.uasset" 443
"../../../Engine/Plugins/Interchange/Assets/Content/gltf/MaterialInstances/MI_ClearCoat_Mask.uexp" 444
"../../../Engine/Plugins/Interchange/Assets/Content/gltf/MaterialInstances/MI_ClearCoat_Mask_DS.uasset" 445
"../../../Engine/Plugins/Interchange/Assets/Content/gltf/MaterialInstances/MI_ClearCoat_Mask_DS.uexp" 446
"../../../Engine/Plugins/Interchange/Assets/Content/gltf/MaterialInstances/MI_ClearCoat_Opaque.uasset" 447
"../../../Engine/Plugins/Interchange/Assets/Content/gltf/MaterialInstances/MI_ClearCoat_Opaque.uexp" 448
"../../../Engine/Plugins/Interchange/Assets/Content/gltf/MaterialInstances/MI_ClearCoat_Opaque_DS.uasset" 449
"../../../Engine/Plugins/Interchange/Assets/Content/gltf/MaterialInstances/MI_ClearCoat_Opaque_DS.uexp" 450
"../../../Engine/Plugins/Interchange/Assets/Content/gltf/MaterialBodies/MF_Default_Body.uasset" 451
"../../../Engine/Plugins/Interchange/Assets/Content/gltf/MaterialBodies/MF_Default_Body.uexp" 452
"../../../Engine/Plugins/Interchange/Assets/Content/gltf/M_Default.uasset" 453
"../../../Engine/Plugins/Interchange/Assets/Content/gltf/M_Default.uexp" 454
"../../../Engine/Plugins/Interchange/Assets/Content/gltf/MaterialInstances/MI_Default_Blend.uasset" 455
"../../../Engine/Plugins/Interchange/Assets/Content/gltf/MaterialInstances/MI_Default_Blend.uexp" 456
"../../../Engine/Plugins/Interchange/Assets/Content/gltf/MaterialInstances/MI_Default_Blend_DS.uasset" 457
"../../../Engine/Plugins/Interchange/Assets/Content/gltf/MaterialInstances/MI_Default_Blend_DS.uexp" 458
"../../../Engine/Plugins/Interchange/Assets/Content/gltf/MaterialInstances/MI_Default_Mask.uasset" 459
"../../../Engine/Plugins/Interchange/Assets/Content/gltf/MaterialInstances/MI_Default_Mask.uexp" 460
"../../../Engine/Plugins/Interchange/Assets/Content/gltf/MaterialInstances/MI_Default_Mask_DS.uasset" 461
"../../../Engine/Plugins/Interchange/Assets/Content/gltf/MaterialInstances/MI_Default_Mask_DS.uexp" 462
"../../../Engine/Plugins/Interchange/Assets/Content/gltf/MaterialInstances/MI_Default_Opaque.uasset" 463
"../../../Engine/Plugins/Interchange/Assets/Content/gltf/MaterialInstances/MI_Default_Opaque.uexp" 464
"../../../Engine/Plugins/Interchange/Assets/Content/gltf/MaterialInstances/MI_Default_Opaque_DS.uasset" 465
"../../../Engine/Plugins/Interchange/Assets/Content/gltf/MaterialInstances/MI_Default_Opaque_DS.uexp" 466
"../../../Engine/Plugins/Interchange/Assets/Content/gltf/MaterialFunctions/MF_Sheen.uasset" 467
"../../../Engine/Plugins/Interchange/Assets/Content/gltf/MaterialFunctions/MF_Sheen.uexp" 468
"../../../Engine/Plugins/Interchange/Assets/Content/gltf/MaterialBodies/MF_Sheen_Body.uasset" 469
"../../../Engine/Plugins/Interchange/Assets/Content/gltf/MaterialBodies/MF_Sheen_Body.uexp" 470
"../../../Engine/Plugins/Interchange/Assets/Content/gltf/M_Sheen.uasset" 471
"../../../Engine/Plugins/Interchange/Assets/Content/gltf/M_Sheen.uexp" 472
"../../../Engine/Plugins/Interchange/Assets/Content/gltf/MaterialInstances/MI_Sheen_Blend.uasset" 473
"../../../Engine/Plugins/Interchange/Assets/Content/gltf/MaterialInstances/MI_Sheen_Blend.uexp" 474
"../../../Engine/Plugins/Interchange/Assets/Content/gltf/MaterialInstances/MI_Sheen_Blend_DS.uasset" 475
"../../../Engine/Plugins/Interchange/Assets/Content/gltf/MaterialInstances/MI_Sheen_Blend_DS.uexp" 476
"../../../Engine/Plugins/Interchange/Assets/Content/gltf/MaterialInstances/MI_Sheen_Mask.uasset" 477
"../../../Engine/Plugins/Interchange/Assets/Content/gltf/MaterialInstances/MI_Sheen_Mask.uexp" 478
"../../../Engine/Plugins/Interchange/Assets/Content/gltf/MaterialInstances/MI_Sheen_Mask_DS.uasset" 479
"../../../Engine/Plugins/Interchange/Assets/Content/gltf/MaterialInstances/MI_Sheen_Mask_DS.uexp" 480
"../../../Engine/Plugins/Interchange/Assets/Content/gltf/MaterialInstances/MI_Sheen_Opaque.uasset" 481
"../../../Engine/Plugins/Interchange/Assets/Content/gltf/MaterialInstances/MI_Sheen_Opaque.uexp" 482
"../../../Engine/Plugins/Interchange/Assets/Content/gltf/MaterialInstances/MI_Sheen_Opaque_DS.uasset" 483
"../../../Engine/Plugins/Interchange/Assets/Content/gltf/MaterialInstances/MI_Sheen_Opaque_DS.uexp" 484
"../../../Engine/Content/Functions/Engine_MaterialFunctions02/Math/AddComponents.uasset" 485
"../../../Engine/Content/Functions/Engine_MaterialFunctions02/Math/AddComponents.uexp" 486
"../../../Engine/Plugins/Interchange/Assets/Content/gltf/MaterialFunctions/MF_DiffuseSpecGloss.uasset" 487
"../../../Engine/Plugins/Interchange/Assets/Content/gltf/MaterialFunctions/MF_DiffuseSpecGloss.uexp" 488
"../../../Engine/Plugins/Interchange/Assets/Content/gltf/MaterialFunctions/MF_PerceivedBrightness.uasset" 489
"../../../Engine/Plugins/Interchange/Assets/Content/gltf/MaterialFunctions/MF_PerceivedBrightness.uexp" 490
"../../../Engine/Plugins/Interchange/Assets/Content/gltf/MaterialFunctions/MF_SpecGlossToMetalRoughness.uasset" 491
"../../../Engine/Plugins/Interchange/Assets/Content/gltf/MaterialFunctions/MF_SpecGlossToMetalRoughness.uexp" 492
"../../../Engine/Plugins/Interchange/Assets/Content/gltf/MaterialFunctions/MF_MaxComponentValue.uasset" 493
"../../../Engine/Plugins/Interchange/Assets/Content/gltf/MaterialFunctions/MF_MaxComponentValue.uexp" 494
"../../../Engine/Plugins/Interchange/Assets/Content/gltf/MaterialBodies/MF_SpecularGlossiness_Body.uasset" 495
"../../../Engine/Plugins/Interchange/Assets/Content/gltf/MaterialBodies/MF_SpecularGlossiness_Body.uexp" 496
"../../../Engine/Plugins/Interchange/Assets/Content/gltf/M_SpecularGlossiness.uasset" 497
"../../../Engine/Plugins/Interchange/Assets/Content/gltf/M_SpecularGlossiness.uexp" 498
"../../../Engine/Plugins/Interchange/Assets/Content/gltf/MaterialInstances/MI_SpecularGlossiness_Blend.uasset" 499
"../../../Engine/Plugins/Interchange/Assets/Content/gltf/MaterialInstances/MI_SpecularGlossiness_Blend.uexp" 500
"../../../Engine/Plugins/Interchange/Assets/Content/gltf/MaterialInstances/MI_SpecularGlossiness_Blend_DS.uasset" 501
"../../../Engine/Plugins/Interchange/Assets/Content/gltf/MaterialInstances/MI_SpecularGlossiness_Blend_DS.uexp" 502
"../../../Engine/Plugins/Interchange/Assets/Content/gltf/MaterialInstances/MI_SpecularGlossiness_Mask.uasset" 503
"../../../Engine/Plugins/Interchange/Assets/Content/gltf/MaterialInstances/MI_SpecularGlossiness_Mask.uexp" 504
"../../../Engine/Plugins/Interchange/Assets/Content/gltf/MaterialInstances/MI_SpecularGlossiness_Mask_DS.uasset" 505
"../../../Engine/Plugins/Interchange/Assets/Content/gltf/MaterialInstances/MI_SpecularGlossiness_Mask_DS.uexp" 506
"../../../Engine/Plugins/Interchange/Assets/Content/gltf/MaterialInstances/MI_SpecularGlossiness_Opaque.uasset" 507
"../../../Engine/Plugins/Interchange/Assets/Content/gltf/MaterialInstances/MI_SpecularGlossiness_Opaque.uexp" 508
"../../../Engine/Plugins/Interchange/Assets/Content/gltf/MaterialInstances/MI_SpecularGlossiness_Opaque_DS.uasset" 509
"../../../Engine/Plugins/Interchange/Assets/Content/gltf/MaterialInstances/MI_SpecularGlossiness_Opaque_DS.uexp" 510
"../../../Engine/Content/EngineMaterials/Good64x64TilingNoiseHighFreq.uasset" 511
"../../../Engine/Content/EngineMaterials/Good64x64TilingNoiseHighFreq.uexp" 512
"../../../Engine/Content/Functions/Engine_MaterialFunctions02/Texturing/ScreenAlignedPixelToPixelUVs.uasset" 513
"../../../Engine/Content/Functions/Engine_MaterialFunctions02/Texturing/ScreenAlignedPixelToPixelUVs.uexp" 514
"../../../Engine/Plugins/Interchange/Assets/Content/gltf/MaterialFunctions/MF_Temporal_Blur.uasset" 515
"../../../Engine/Plugins/Interchange/Assets/Content/gltf/MaterialFunctions/MF_Temporal_Blur.uexp" 516
"../../../Engine/Plugins/Interchange/Assets/Content/gltf/MaterialFunctions/MF_Fresnel_DS.uasset" 517
"../../../Engine/Plugins/Interchange/Assets/Content/gltf/MaterialFunctions/MF_Fresnel_DS.uexp" 518
"../../../Engine/Plugins/Interchange/Assets/Content/gltf/MaterialFunctions/MF_Transmission.uasset" 519
"../../../Engine/Plugins/Interchange/Assets/Content/gltf/MaterialFunctions/MF_Transmission.uexp" 520
"../../../Engine/Plugins/Interchange/Assets/Content/gltf/MaterialBodies/MF_Transmission_Body.uasset" 521
"../../../Engine/Plugins/Interchange/Assets/Content/gltf/MaterialBodies/MF_Transmission_Body.uexp" 522
"../../../Engine/Plugins/Interchange/Assets/Content/gltf/M_Transmission.uasset" 523
"../../../Engine/Plugins/Interchange/Assets/Content/gltf/M_Transmission.uexp" 524
"../../../Engine/Plugins/Interchange/Assets/Content/gltf/MaterialInstances/MI_Transmission.uasset" 525
"../../../Engine/Plugins/Interchange/Assets/Content/gltf/MaterialInstances/MI_Transmission.uexp" 526
"../../../Engine/Plugins/Interchange/Assets/Content/gltf/MaterialInstances/MI_Transmission_DS.uasset" 527
"../../../Engine/Plugins/Interchange/Assets/Content/gltf/MaterialInstances/MI_Transmission_DS.uexp" 528
"../../../Engine/Plugins/Interchange/Assets/Content/gltf/MaterialBodies/MF_Unlit_Body.uasset" 529
"../../../Engine/Plugins/Interchange/Assets/Content/gltf/MaterialBodies/MF_Unlit_Body.uexp" 530
"../../../Engine/Plugins/Interchange/Assets/Content/gltf/M_Unlit.uasset" 531
"../../../Engine/Plugins/Interchange/Assets/Content/gltf/M_Unlit.uexp" 532
"../../../Engine/Plugins/Interchange/Assets/Content/gltf/MaterialInstances/MI_Unlit_Blend.uasset" 533
"../../../Engine/Plugins/Interchange/Assets/Content/gltf/MaterialInstances/MI_Unlit_Blend.uexp" 534
"../../../Engine/Plugins/Interchange/Assets/Content/gltf/MaterialInstances/MI_Unlit_Blend_DS.uasset" 535
"../../../Engine/Plugins/Interchange/Assets/Content/gltf/MaterialInstances/MI_Unlit_Blend_DS.uexp" 536
"../../../Engine/Plugins/Interchange/Assets/Content/gltf/MaterialInstances/MI_Unlit_Mask.uasset" 537
"../../../Engine/Plugins/Interchange/Assets/Content/gltf/MaterialInstances/MI_Unlit_Mask.uexp" 538
"../../../Engine/Plugins/Interchange/Assets/Content/gltf/MaterialInstances/MI_Unlit_Mask_DS.uasset" 539
"../../../Engine/Plugins/Interchange/Assets/Content/gltf/MaterialInstances/MI_Unlit_Mask_DS.uexp" 540
"../../../Engine/Plugins/Interchange/Assets/Content/gltf/MaterialInstances/MI_Unlit_Opaque.uasset" 541
"../../../Engine/Plugins/Interchange/Assets/Content/gltf/MaterialInstances/MI_Unlit_Opaque.uexp" 542
"../../../Engine/Plugins/Interchange/Assets/Content/gltf/MaterialInstances/MI_Unlit_Opaque_DS.uasset" 543
"../../../Engine/Plugins/Interchange/Assets/Content/gltf/MaterialInstances/MI_Unlit_Opaque_DS.uexp" 544
"../../../Engine/Content/EngineMaterials/T_Default_Material_Grid_M.ubulk" 545
"../../../Engine/Content/EngineMaterials/T_Default_Material_Grid_M.uasset" 546
"../../../Engine/Content/EngineMaterials/T_Default_Material_Grid_M.uexp" 547
"../../../Engine/Content/EngineMaterials/T_Default_Material_Grid_N.ubulk" 548
"../../../Engine/Content/EngineMaterials/T_Default_Material_Grid_N.uasset" 549
"../../../Engine/Content/EngineMaterials/T_Default_Material_Grid_N.uexp" 550
"../../../Engine/Content/Functions/Engine_MaterialFunctions01/Opacity/CameraDepthFade.uasset" 551
"../../../Engine/Content/Functions/Engine_MaterialFunctions01/Opacity/CameraDepthFade.uexp" 552
"../../../Engine/Content/EngineMaterials/DefaultMaterial.uasset" 553
"../../../Engine/Content/EngineMaterials/DefaultMaterial.uexp" 554
"../../../Engine/Content/BasicShapes/Cone.ubulk" 555
"../../../Engine/Content/BasicShapes/Cone.uasset" 556
"../../../Engine/Content/BasicShapes/Cone.uexp" 557
"../../../Engine/Content/EngineMaterials/WorldGridMaterial.uasset" 558
"../../../Engine/Content/EngineMaterials/WorldGridMaterial.uexp" 559
"../../../Engine/Content/BasicShapes/Cube.ubulk" 560
"../../../Engine/Content/BasicShapes/Cube.uasset" 561
"../../../Engine/Content/BasicShapes/Cube.uexp" 562
"../../../Engine/Content/BasicShapes/Cylinder.ubulk" 563
"../../../Engine/Content/BasicShapes/Cylinder.uasset" 564
"../../../Engine/Content/BasicShapes/Cylinder.uexp" 565
"../../../Engine/Content/BasicShapes/Plane.ubulk" 566
"../../../Engine/Content/BasicShapes/Plane.uasset" 567
"../../../Engine/Content/BasicShapes/Plane.uexp" 568
"../../../Engine/Content/BasicShapes/Sphere.ubulk" 569
"../../../Engine/Content/BasicShapes/Sphere.uasset" 570
"../../../Engine/Content/BasicShapes/Sphere.uexp" 571
"../../../Engine/Content/EditorLandscapeResources/SplineEditorMeshMat.uasset" 572
"../../../Engine/Content/EditorLandscapeResources/SplineEditorMeshMat.uexp" 573
"../../../Engine/Content/EditorLandscapeResources/SplineEditorMesh.ubulk" 574
"../../../Engine/Content/EditorLandscapeResources/SplineEditorMesh.uasset" 575
"../../../Engine/Content/EditorLandscapeResources/SplineEditorMesh.uexp" 576
"../../../Engine/Content/EngineMaterials/WeightMapPlaceholderTexture.uasset" 577
"../../../Engine/Content/EngineMaterials/WeightMapPlaceholderTexture.uexp" 578
"../../../Engine/Content/EngineMaterials/WeightMapArrayPlaceholderTexture.uasset" 579
"../../../Engine/Content/EngineMaterials/WeightMapArrayPlaceholderTexture.uexp" 580
"../../../Engine/Content/EngineResources/WhiteSquareTexture.uasset" 581
"../../../Engine/Content/EngineResources/WhiteSquareTexture.uexp" 582
"../../../Engine/Content/EngineMaterials/Widget3DPassThrough.uasset" 583
"../../../Engine/Content/EngineMaterials/Widget3DPassThrough.uexp" 584
"../../../Engine/Content/EngineMaterials/Widget3DPassThrough_Masked.uasset" 585
"../../../Engine/Content/EngineMaterials/Widget3DPassThrough_Masked.uexp" 586
"../../../Engine/Content/EngineMaterials/Widget3DPassThrough_Opaque.uasset" 587
"../../../Engine/Content/EngineMaterials/Widget3DPassThrough_Opaque.uexp" 588
"../../../Engine/Content/EngineMaterials/Widget3DPassThrough_Masked_OneSided.uasset" 589
"../../../Engine/Content/EngineMaterials/Widget3DPassThrough_Masked_OneSided.uexp" 590
"../../../Engine/Content/EngineMaterials/Widget3DPassThrough_Opaque_OneSided.uasset" 591
"../../../Engine/Content/EngineMaterials/Widget3DPassThrough_Opaque_OneSided.uexp" 592
"../../../Engine/Content/EngineMaterials/Widget3DPassThrough_Translucent.uasset" 593
"../../../Engine/Content/EngineMaterials/Widget3DPassThrough_Translucent.uexp" 594
"../../../Engine/Content/EngineMaterials/Widget3DPassThrough_Translucent_OneSided.uasset" 595
"../../../Engine/Content/EngineMaterials/Widget3DPassThrough_Translucent_OneSided.uexp" 596
"../../../Engine/Content/EngineMeshes/Sphere.ubulk" 597
"../../../Engine/Content/EngineMeshes/Sphere.uasset" 598
"../../../Engine/Content/EngineMeshes/Sphere.uexp" 599
"../../../Engine/Plugins/2D/Paper2D/Content/DefaultSpriteMaterial.uasset" 600
"../../../Engine/Plugins/2D/Paper2D/Content/DefaultSpriteMaterial.uexp" 601
"../../../Engine/Plugins/2D/Paper2D/Content/MaskedUnlitSpriteMaterial.uasset" 602
"../../../Engine/Plugins/2D/Paper2D/Content/MaskedUnlitSpriteMaterial.uexp" 603
"../../../Engine/Plugins/2D/Paper2D/Content/OpaqueUnlitSpriteMaterial.uasset" 604
"../../../Engine/Plugins/2D/Paper2D/Content/OpaqueUnlitSpriteMaterial.uexp" 605
"../../../Engine/Plugins/Animation/ControlRig/Content/Controls/ControlRig_Arrow2_1mm.ubulk" 606
"../../../Engine/Plugins/Animation/ControlRig/Content/Controls/ControlRig_Arrow2_1mm.uasset" 607
"../../../Engine/Plugins/Animation/ControlRig/Content/Controls/ControlRig_Arrow2_1mm.uexp" 608
"../../../Engine/Plugins/Animation/ControlRig/Content/Controls/ControlRig_Arrow2_3mm.ubulk" 609
"../../../Engine/Plugins/Animation/ControlRig/Content/Controls/ControlRig_Arrow2_3mm.uasset" 610
"../../../Engine/Plugins/Animation/ControlRig/Content/Controls/ControlRig_Arrow2_3mm.uexp" 611
"../../../Engine/Plugins/Animation/ControlRig/Content/Controls/ControlRig_Arrow2_solid.ubulk" 612
"../../../Engine/Plugins/Animation/ControlRig/Content/Controls/ControlRig_Arrow2_solid.uasset" 613
"../../../Engine/Plugins/Animation/ControlRig/Content/Controls/ControlRig_Arrow2_solid.uexp" 614
"../../../Engine/Plugins/Animation/ControlRig/Content/Controls/ControlRig_Arrow4_1mm.ubulk" 615
"../../../Engine/Plugins/Animation/ControlRig/Content/Controls/ControlRig_Arrow4_1mm.uasset" 616
"../../../Engine/Plugins/Animation/ControlRig/Content/Controls/ControlRig_Arrow4_1mm.uexp" 617
"../../../Engine/Plugins/Animation/ControlRig/Content/Controls/ControlRig_Arrow4_3mm.ubulk" 618
"../../../Engine/Plugins/Animation/ControlRig/Content/Controls/ControlRig_Arrow4_3mm.uasset" 619
"../../../Engine/Plugins/Animation/ControlRig/Content/Controls/ControlRig_Arrow4_3mm.uexp" 620
"../../../Engine/Plugins/Animation/ControlRig/Content/Controls/ControlRig_Arrow4_solid.ubulk" 621
"../../../Engine/Plugins/Animation/ControlRig/Content/Controls/ControlRig_Arrow4_solid.uasset" 622
"../../../Engine/Plugins/Animation/ControlRig/Content/Controls/ControlRig_Arrow4_solid.uexp" 623
"../../../Engine/Plugins/Animation/ControlRig/Content/Controls/ControlRig_Arrow_1mm.ubulk" 624
"../../../Engine/Plugins/Animation/ControlRig/Content/Controls/ControlRig_Arrow_1mm.uasset" 625
"../../../Engine/Plugins/Animation/ControlRig/Content/Controls/ControlRig_Arrow_1mm.uexp" 626
"../../../Engine/Plugins/Animation/ControlRig/Content/Controls/ControlRig_Arrow_3mm.ubulk" 627
"../../../Engine/Plugins/Animation/ControlRig/Content/Controls/ControlRig_Arrow_3mm.uasset" 628
"../../../Engine/Plugins/Animation/ControlRig/Content/Controls/ControlRig_Arrow_3mm.uexp" 629
"../../../Engine/Plugins/Animation/ControlRig/Content/Controls/ControlRig_Arrow_solid.ubulk" 630
"../../../Engine/Plugins/Animation/ControlRig/Content/Controls/ControlRig_Arrow_solid.uasset" 631
"../../../Engine/Plugins/Animation/ControlRig/Content/Controls/ControlRig_Arrow_solid.uexp" 632
"../../../Engine/Plugins/Animation/ControlRig/Content/Controls/ControlRig_Box_1mm.ubulk" 633
"../../../Engine/Plugins/Animation/ControlRig/Content/Controls/ControlRig_Box_1mm.uasset" 634
"../../../Engine/Plugins/Animation/ControlRig/Content/Controls/ControlRig_Box_1mm.uexp" 635
"../../../Engine/Plugins/Animation/ControlRig/Content/Controls/ControlRig_Box_3mm.ubulk" 636
"../../../Engine/Plugins/Animation/ControlRig/Content/Controls/ControlRig_Box_3mm.uasset" 637
"../../../Engine/Plugins/Animation/ControlRig/Content/Controls/ControlRig_Box_3mm.uexp" 638
"../../../Engine/Plugins/Animation/ControlRig/Content/Controls/ControlRig_Box_solid.ubulk" 639
"../../../Engine/Plugins/Animation/ControlRig/Content/Controls/ControlRig_Box_solid.uasset" 640
"../../../Engine/Plugins/Animation/ControlRig/Content/Controls/ControlRig_Box_solid.uexp" 641
"../../../Engine/Plugins/Animation/ControlRig/Content/Controls/ControlRig_Circle_1mm.ubulk" 642
"../../../Engine/Plugins/Animation/ControlRig/Content/Controls/ControlRig_Circle_1mm.uasset" 643
"../../../Engine/Plugins/Animation/ControlRig/Content/Controls/ControlRig_Circle_1mm.uexp" 644
"../../../Engine/Plugins/Animation/ControlRig/Content/Controls/ControlRig_Circle_3mm.ubulk" 645
"../../../Engine/Plugins/Animation/ControlRig/Content/Controls/ControlRig_Circle_3mm.uasset" 646
"../../../Engine/Plugins/Animation/ControlRig/Content/Controls/ControlRig_Circle_3mm.uexp" 647
"../../../Engine/Plugins/Animation/ControlRig/Content/Controls/ControlRig_Circle_solid.ubulk" 648
"../../../Engine/Plugins/Animation/ControlRig/Content/Controls/ControlRig_Circle_solid.uasset" 649
"../../../Engine/Plugins/Animation/ControlRig/Content/Controls/ControlRig_Circle_solid.uexp" 650
"../../../Engine/Plugins/Animation/ControlRig/Content/Controls/ControlRig_Diamond_1mm.ubulk" 651
"../../../Engine/Plugins/Animation/ControlRig/Content/Controls/ControlRig_Diamond_1mm.uasset" 652
"../../../Engine/Plugins/Animation/ControlRig/Content/Controls/ControlRig_Diamond_1mm.uexp" 653
"../../../Engine/Plugins/Animation/ControlRig/Content/Controls/ControlRig_Diamond_3mm.ubulk" 654
"../../../Engine/Plugins/Animation/ControlRig/Content/Controls/ControlRig_Diamond_3mm.uasset" 655
"../../../Engine/Plugins/Animation/ControlRig/Content/Controls/ControlRig_Diamond_3mm.uexp" 656
"../../../Engine/Plugins/Animation/ControlRig/Content/Controls/ControlRig_Diamond_solid.ubulk" 657
"../../../Engine/Plugins/Animation/ControlRig/Content/Controls/ControlRig_Diamond_solid.uasset" 658
"../../../Engine/Plugins/Animation/ControlRig/Content/Controls/ControlRig_Diamond_solid.uexp" 659
"../../../Engine/Plugins/Animation/ControlRig/Content/Controls/ControlRig_HalfCircle_1mm.ubulk" 660
"../../../Engine/Plugins/Animation/ControlRig/Content/Controls/ControlRig_HalfCircle_1mm.uasset" 661
"../../../Engine/Plugins/Animation/ControlRig/Content/Controls/ControlRig_HalfCircle_1mm.uexp" 662
"../../../Engine/Plugins/Animation/ControlRig/Content/Controls/ControlRig_HalfCircle_3mm.ubulk" 663
"../../../Engine/Plugins/Animation/ControlRig/Content/Controls/ControlRig_HalfCircle_3mm.uasset" 664
"../../../Engine/Plugins/Animation/ControlRig/Content/Controls/ControlRig_HalfCircle_3mm.uexp" 665
"../../../Engine/Plugins/Animation/ControlRig/Content/Controls/ControlRig_HalfCircle_solid.ubulk" 666
"../../../Engine/Plugins/Animation/ControlRig/Content/Controls/ControlRig_HalfCircle_solid.uasset" 667
"../../../Engine/Plugins/Animation/ControlRig/Content/Controls/ControlRig_HalfCircle_solid.uexp" 668
"../../../Engine/Plugins/Animation/ControlRig/Content/Controls/ControlRig_Hexagon_1mm.ubulk" 669
"../../../Engine/Plugins/Animation/ControlRig/Content/Controls/ControlRig_Hexagon_1mm.uasset" 670
"../../../Engine/Plugins/Animation/ControlRig/Content/Controls/ControlRig_Hexagon_1mm.uexp" 671
"../../../Engine/Plugins/Animation/ControlRig/Content/Controls/ControlRig_Hexagon_3mm.ubulk" 672
"../../../Engine/Plugins/Animation/ControlRig/Content/Controls/ControlRig_Hexagon_3mm.uasset" 673
"../../../Engine/Plugins/Animation/ControlRig/Content/Controls/ControlRig_Hexagon_3mm.uexp" 674
"../../../Engine/Plugins/Animation/ControlRig/Content/Controls/ControlRig_Hexagon_solid.ubulk" 675
"../../../Engine/Plugins/Animation/ControlRig/Content/Controls/ControlRig_Hexagon_solid.uasset" 676
"../../../Engine/Plugins/Animation/ControlRig/Content/Controls/ControlRig_Hexagon_solid.uexp" 677
"../../../Engine/Plugins/Animation/ControlRig/Content/Controls/ControlRig_Octagon_1mm.ubulk" 678
"../../../Engine/Plugins/Animation/ControlRig/Content/Controls/ControlRig_Octagon_1mm.uasset" 679
"../../../Engine/Plugins/Animation/ControlRig/Content/Controls/ControlRig_Octagon_1mm.uexp" 680
"../../../Engine/Plugins/Animation/ControlRig/Content/Controls/ControlRig_Octagon_3mm.ubulk" 681
"../../../Engine/Plugins/Animation/ControlRig/Content/Controls/ControlRig_Octagon_3mm.uasset" 682
"../../../Engine/Plugins/Animation/ControlRig/Content/Controls/ControlRig_Octagon_3mm.uexp" 683
"../../../Engine/Plugins/Animation/ControlRig/Content/Controls/ControlRig_Octagon_solid.ubulk" 684
"../../../Engine/Plugins/Animation/ControlRig/Content/Controls/ControlRig_Octagon_solid.uasset" 685
"../../../Engine/Plugins/Animation/ControlRig/Content/Controls/ControlRig_Octagon_solid.uexp" 686
"../../../Engine/Plugins/Animation/ControlRig/Content/Controls/ControlRig_Pyramid_1mm.ubulk" 687
"../../../Engine/Plugins/Animation/ControlRig/Content/Controls/ControlRig_Pyramid_1mm.uasset" 688
"../../../Engine/Plugins/Animation/ControlRig/Content/Controls/ControlRig_Pyramid_1mm.uexp" 689
"../../../Engine/Plugins/Animation/ControlRig/Content/Controls/ControlRig_Pyramid_3mm.ubulk" 690
"../../../Engine/Plugins/Animation/ControlRig/Content/Controls/ControlRig_Pyramid_3mm.uasset" 691
"../../../Engine/Plugins/Animation/ControlRig/Content/Controls/ControlRig_Pyramid_3mm.uexp" 692
"../../../Engine/Plugins/Animation/ControlRig/Content/Controls/ControlRig_Pyramid_solid.ubulk" 693
"../../../Engine/Plugins/Animation/ControlRig/Content/Controls/ControlRig_Pyramid_solid.uasset" 694
"../../../Engine/Plugins/Animation/ControlRig/Content/Controls/ControlRig_Pyramid_solid.uexp" 695
"../../../Engine/Plugins/Animation/ControlRig/Content/Controls/ControlRig_QuarterCircle_1mm.ubulk" 696
"../../../Engine/Plugins/Animation/ControlRig/Content/Controls/ControlRig_QuarterCircle_1mm.uasset" 697
"../../../Engine/Plugins/Animation/ControlRig/Content/Controls/ControlRig_QuarterCircle_1mm.uexp" 698
"../../../Engine/Plugins/Animation/ControlRig/Content/Controls/ControlRig_QuarterCircle_3mm.ubulk" 699
"../../../Engine/Plugins/Animation/ControlRig/Content/Controls/ControlRig_QuarterCircle_3mm.uasset" 700
"../../../Engine/Plugins/Animation/ControlRig/Content/Controls/ControlRig_QuarterCircle_3mm.uexp" 701
"../../../Engine/Plugins/Animation/ControlRig/Content/Controls/ControlRig_QuarterCircle_solid.ubulk" 702
"../../../Engine/Plugins/Animation/ControlRig/Content/Controls/ControlRig_QuarterCircle_solid.uasset" 703
"../../../Engine/Plugins/Animation/ControlRig/Content/Controls/ControlRig_QuarterCircle_solid.uexp" 704
"../../../Engine/Plugins/Animation/ControlRig/Content/Controls/ControlRig_RoundedSquare_1mm.ubulk" 705
"../../../Engine/Plugins/Animation/ControlRig/Content/Controls/ControlRig_RoundedSquare_1mm.uasset" 706
"../../../Engine/Plugins/Animation/ControlRig/Content/Controls/ControlRig_RoundedSquare_1mm.uexp" 707
"../../../Engine/Plugins/Animation/ControlRig/Content/Controls/ControlRig_RoundedSquare_3mm.ubulk" 708
"../../../Engine/Plugins/Animation/ControlRig/Content/Controls/ControlRig_RoundedSquare_3mm.uasset" 709
"../../../Engine/Plugins/Animation/ControlRig/Content/Controls/ControlRig_RoundedSquare_3mm.uexp" 710
"../../../Engine/Plugins/Animation/ControlRig/Content/Controls/ControlRig_RoundedSquare_solid.ubulk" 711
"../../../Engine/Plugins/Animation/ControlRig/Content/Controls/ControlRig_RoundedSquare_solid.uasset" 712
"../../../Engine/Plugins/Animation/ControlRig/Content/Controls/ControlRig_RoundedSquare_solid.uexp" 713
"../../../Engine/Plugins/Animation/ControlRig/Content/Controls/ControlRig_RoundedTriangle_1mm.ubulk" 714
"../../../Engine/Plugins/Animation/ControlRig/Content/Controls/ControlRig_RoundedTriangle_1mm.uasset" 715
"../../../Engine/Plugins/Animation/ControlRig/Content/Controls/ControlRig_RoundedTriangle_1mm.uexp" 716
"../../../Engine/Plugins/Animation/ControlRig/Content/Controls/ControlRig_RoundedTriangle_3mm.ubulk" 717
"../../../Engine/Plugins/Animation/ControlRig/Content/Controls/ControlRig_RoundedTriangle_3mm.uasset" 718
"../../../Engine/Plugins/Animation/ControlRig/Content/Controls/ControlRig_RoundedTriangle_3mm.uexp" 719
"../../../Engine/Plugins/Animation/ControlRig/Content/Controls/ControlRig_RoundedTriangle_solid.ubulk" 720
"../../../Engine/Plugins/Animation/ControlRig/Content/Controls/ControlRig_RoundedTriangle_solid.uasset" 721
"../../../Engine/Plugins/Animation/ControlRig/Content/Controls/ControlRig_RoundedTriangle_solid.uexp" 722
"../../../Engine/Plugins/Animation/ControlRig/Content/Controls/ControlRig_Sphere_1mm.ubulk" 723
"../../../Engine/Plugins/Animation/ControlRig/Content/Controls/ControlRig_Sphere_1mm.uasset" 724
"../../../Engine/Plugins/Animation/ControlRig/Content/Controls/ControlRig_Sphere_1mm.uexp" 725
"../../../Engine/Plugins/Animation/ControlRig/Content/Controls/ControlRig_Sphere_3mm.ubulk" 726
"../../../Engine/Plugins/Animation/ControlRig/Content/Controls/ControlRig_Sphere_3mm.uasset" 727
"../../../Engine/Plugins/Animation/ControlRig/Content/Controls/ControlRig_Sphere_3mm.uexp" 728
"../../../Engine/Plugins/Animation/ControlRig/Content/Controls/ControlRig_Sphere_solid.ubulk" 729
"../../../Engine/Plugins/Animation/ControlRig/Content/Controls/ControlRig_Sphere_solid.uasset" 730
"../../../Engine/Plugins/Animation/ControlRig/Content/Controls/ControlRig_Sphere_solid.uexp" 731
"../../../Engine/Plugins/Animation/ControlRig/Content/Controls/ControlRig_Square_1mm.ubulk" 732
"../../../Engine/Plugins/Animation/ControlRig/Content/Controls/ControlRig_Square_1mm.uasset" 733
"../../../Engine/Plugins/Animation/ControlRig/Content/Controls/ControlRig_Square_1mm.uexp" 734
"../../../Engine/Plugins/Animation/ControlRig/Content/Controls/ControlRig_Square_3mm.ubulk" 735
"../../../Engine/Plugins/Animation/ControlRig/Content/Controls/ControlRig_Square_3mm.uasset" 736
"../../../Engine/Plugins/Animation/ControlRig/Content/Controls/ControlRig_Square_3mm.uexp" 737
"../../../Engine/Plugins/Animation/ControlRig/Content/Controls/ControlRig_Square_solid.ubulk" 738
"../../../Engine/Plugins/Animation/ControlRig/Content/Controls/ControlRig_Square_solid.uasset" 739
"../../../Engine/Plugins/Animation/ControlRig/Content/Controls/ControlRig_Square_solid.uexp" 740
"../../../Engine/Plugins/Animation/ControlRig/Content/Controls/ControlRig_Star4_1mm.ubulk" 741
"../../../Engine/Plugins/Animation/ControlRig/Content/Controls/ControlRig_Star4_1mm.uasset" 742
"../../../Engine/Plugins/Animation/ControlRig/Content/Controls/ControlRig_Star4_1mm.uexp" 743
"../../../Engine/Plugins/Animation/ControlRig/Content/Controls/ControlRig_Star4_3mm.ubulk" 744
"../../../Engine/Plugins/Animation/ControlRig/Content/Controls/ControlRig_Star4_3mm.uasset" 745
"../../../Engine/Plugins/Animation/ControlRig/Content/Controls/ControlRig_Star4_3mm.uexp" 746
"../../../Engine/Plugins/Animation/ControlRig/Content/Controls/ControlRig_Star4_solid.ubulk" 747
"../../../Engine/Plugins/Animation/ControlRig/Content/Controls/ControlRig_Star4_solid.uasset" 748
"../../../Engine/Plugins/Animation/ControlRig/Content/Controls/ControlRig_Star4_solid.uexp" 749
"../../../Engine/Plugins/Animation/ControlRig/Content/Controls/ControlRig_Triangle_1mm.ubulk" 750
"../../../Engine/Plugins/Animation/ControlRig/Content/Controls/ControlRig_Triangle_1mm.uasset" 751
"../../../Engine/Plugins/Animation/ControlRig/Content/Controls/ControlRig_Triangle_1mm.uexp" 752
"../../../Engine/Plugins/Animation/ControlRig/Content/Controls/ControlRig_Triangle_3mm.ubulk" 753
"../../../Engine/Plugins/Animation/ControlRig/Content/Controls/ControlRig_Triangle_3mm.uasset" 754
"../../../Engine/Plugins/Animation/ControlRig/Content/Controls/ControlRig_Triangle_3mm.uexp" 755
"../../../Engine/Plugins/Animation/ControlRig/Content/Controls/ControlRig_Triangle_solid.ubulk" 756
"../../../Engine/Plugins/Animation/ControlRig/Content/Controls/ControlRig_Triangle_solid.uasset" 757
"../../../Engine/Plugins/Animation/ControlRig/Content/Controls/ControlRig_Triangle_solid.uexp" 758
"../../../Engine/Plugins/Animation/ControlRig/Content/Controls/ControlRig_Wedge_1mm.ubulk" 759
"../../../Engine/Plugins/Animation/ControlRig/Content/Controls/ControlRig_Wedge_1mm.uasset" 760
"../../../Engine/Plugins/Animation/ControlRig/Content/Controls/ControlRig_Wedge_1mm.uexp" 761
"../../../Engine/Plugins/Animation/ControlRig/Content/Controls/ControlRig_Wedge_3mm.ubulk" 762
"../../../Engine/Plugins/Animation/ControlRig/Content/Controls/ControlRig_Wedge_3mm.uasset" 763
"../../../Engine/Plugins/Animation/ControlRig/Content/Controls/ControlRig_Wedge_3mm.uexp" 764
"../../../Engine/Plugins/Animation/ControlRig/Content/Controls/ControlRig_Wedge_solid.ubulk" 765
"../../../Engine/Plugins/Animation/ControlRig/Content/Controls/ControlRig_Wedge_solid.uasset" 766
"../../../Engine/Plugins/Animation/ControlRig/Content/Controls/ControlRig_Wedge_solid.uexp" 767
"../../../Engine/Plugins/Media/MediaPlate/Content/SM_MediaPlateScreen.ubulk" 768
"../../../Engine/Plugins/Media/MediaPlate/Content/SM_MediaPlateScreen.uasset" 769
"../../../Engine/Plugins/Media/MediaPlate/Content/SM_MediaPlateScreen.uexp" 770
"../../../Engine/Plugins/NNE/NNEDenoiser/Content/NNEDIM_ColorAlbedoNormal_Alpha.uasset" 771
"../../../Engine/Plugins/NNE/NNEDenoiser/Content/NNEDIM_ColorAlbedoNormal_Alpha.uexp" 772
"../../../Engine/Plugins/NNE/NNEDenoiser/Content/NNEDIM_ColorAlbedoNormal_Default.uasset" 773
"../../../Engine/Plugins/NNE/NNEDenoiser/Content/NNEDIM_ColorAlbedoNormal_Default.uexp" 774
"../../../Engine/Plugins/NNE/NNEDenoiser/Content/NNEDIM_HighQuality_Alpha.uasset" 775
"../../../Engine/Plugins/NNE/NNEDenoiser/Content/NNEDIM_HighQuality_Alpha.uexp" 776
"../../../Engine/Plugins/NNE/NNEDenoiser/Content/NNEDIM_HighQuality_Default.uasset" 777
"../../../Engine/Plugins/NNE/NNEDenoiser/Content/NNEDIM_HighQuality_Default.uexp" 778
"../../../Engine/Plugins/NNE/NNEDenoiser/Content/NNEDOM_Output_Alpha.uasset" 779
"../../../Engine/Plugins/NNE/NNEDenoiser/Content/NNEDOM_Output_Alpha.uexp" 780
"../../../Engine/Plugins/NNE/NNEDenoiser/Content/NNEDOM_Output_Default.uasset" 781
"../../../Engine/Plugins/NNE/NNEDenoiser/Content/NNEDOM_Output_Default.uexp" 782
"../../../Engine/Plugins/NNE/NNEDenoiser/Content/NNEDTIM_ColorAlbedoNormal_Alpha.uasset" 783
"../../../Engine/Plugins/NNE/NNEDenoiser/Content/NNEDTIM_ColorAlbedoNormal_Alpha.uexp" 784
"../../../Engine/Plugins/NNE/NNEDenoiser/Content/NNEDTIM_ColorAlbedoNormal_Default.uasset" 785
"../../../Engine/Plugins/NNE/NNEDenoiser/Content/NNEDTIM_ColorAlbedoNormal_Default.uexp" 786
"../../../Engine/Plugins/NNE/NNEDenoiser/Content/NNEDTOM_Output_Alpha.uasset" 787
"../../../Engine/Plugins/NNE/NNEDenoiser/Content/NNEDTOM_Output_Alpha.uexp" 788
"../../../Engine/Plugins/NNE/NNEDenoiser/Content/NNEDTOM_Output_Default.uasset" 789
"../../../Engine/Plugins/NNE/NNEDenoiser/Content/NNEDTOM_Output_Default.uexp" 790
"../../../Engine/Content/Functions/Engine_MaterialFunctions02/Texturing/CustomRotator.uasset" 791
"../../../Engine/Content/Functions/Engine_MaterialFunctions02/Texturing/CustomRotator.uexp" 792
"../../../Engine/Content/Functions/Engine_MaterialFunctions01/Texturing/ScaleUVsByCenter.uasset" 793
"../../../Engine/Content/Functions/Engine_MaterialFunctions01/Texturing/ScaleUVsByCenter.uexp" 794
"../../../Engine/Content/Functions/Engine_MaterialFunctions01/Gradient/GeneratedRoundRect.uasset" 795
"../../../Engine/Content/Functions/Engine_MaterialFunctions01/Gradient/GeneratedRoundRect.uexp" 796
"../../../Engine/Content/Functions/Engine_MaterialFunctions01/Gradient/SphereGradient-2D.uasset" 797
"../../../Engine/Content/Functions/Engine_MaterialFunctions01/Gradient/SphereGradient-2D.uexp" 798
"../../../Engine/Plugins/Runtime/AudioWidgets/Content/AudioMaterialSlate/Functions/MF_DotOutlined.uasset" 799
"../../../Engine/Plugins/Runtime/AudioWidgets/Content/AudioMaterialSlate/Functions/MF_DotOutlined.uexp" 800
"../../../Engine/Plugins/Runtime/AudioWidgets/Content/AudioMaterialSlate/M_AudioMaterialEnvelope_ADSR.uasset" 801
"../../../Engine/Plugins/Runtime/AudioWidgets/Content/AudioMaterialSlate/M_AudioMaterialEnvelope_ADSR.uexp" 802
"../../../Engine/Plugins/Runtime/AudioWidgets/Content/AudioMaterialSlate/MI_AudioMaterialEnvelope_ADSR.uasset" 803
"../../../Engine/Plugins/Runtime/AudioWidgets/Content/AudioMaterialSlate/MI_AudioMaterialEnvelope_ADSR.uexp" 804
"../../../Engine/Plugins/Runtime/AudioWidgets/Content/AudioMaterialSlate/Functions/MF_SingleLine_Smooth.uasset" 805
"../../../Engine/Plugins/Runtime/AudioWidgets/Content/AudioMaterialSlate/Functions/MF_SingleLine_Smooth.uexp" 806
"../../../Engine/Plugins/Runtime/AudioWidgets/Content/AudioMaterialSlate/Functions/MF_AngleGradient.uasset" 807
"../../../Engine/Plugins/Runtime/AudioWidgets/Content/AudioMaterialSlate/Functions/MF_AngleGradient.uexp" 808
"../../../Engine/Content/Functions/Engine_MaterialFunctions02/Lerp_3Color.uasset" 809
"../../../Engine/Content/Functions/Engine_MaterialFunctions02/Lerp_3Color.uexp" 810
"../../../Engine/Plugins/Runtime/AudioWidgets/Content/AudioMaterialSlate/M_AudioMaterialKnob.uasset" 811
"../../../Engine/Plugins/Runtime/AudioWidgets/Content/AudioMaterialSlate/M_AudioMaterialKnob.uexp" 812
"../../../Engine/Plugins/Runtime/AudioWidgets/Content/AudioMaterialSlate/MI_AudioMaterialKnob.uasset" 813
"../../../Engine/Plugins/Runtime/AudioWidgets/Content/AudioMaterialSlate/MI_AudioMaterialKnob.uexp" 814
"../../../Engine/Plugins/Runtime/AudioWidgets/Content/AudioMaterialSlate/Functions/MF_Lines.uasset" 815
"../../../Engine/Plugins/Runtime/AudioWidgets/Content/AudioMaterialSlate/Functions/MF_Lines.uexp" 816
"../../../Engine/Plugins/Runtime/AudioWidgets/Content/AudioMaterialSlate/M_AudioMaterialMeter.uasset" 817
"../../../Engine/Plugins/Runtime/AudioWidgets/Content/AudioMaterialSlate/M_AudioMaterialMeter.uexp" 818
"../../../Engine/Plugins/Runtime/AudioWidgets/Content/AudioMaterialSlate/MI_AudioMaterialMeter.uasset" 819
"../../../Engine/Plugins/Runtime/AudioWidgets/Content/AudioMaterialSlate/MI_AudioMaterialMeter.uexp" 820
"../../../Engine/Plugins/Runtime/AudioWidgets/Content/AudioMaterialSlate/M_AudioMaterialRoundedSlider.uasset" 821
"../../../Engine/Plugins/Runtime/AudioWidgets/Content/AudioMaterialSlate/M_AudioMaterialRoundedSlider.uexp" 822
"../../../Engine/Plugins/Runtime/AudioWidgets/Content/AudioMaterialSlate/MI_AudioMaterialRoundedSlider.uasset" 823
"../../../Engine/Plugins/Runtime/AudioWidgets/Content/AudioMaterialSlate/MI_AudioMaterialRoundedSlider.uexp" 824
"../../../Engine/Plugins/Runtime/AudioWidgets/Content/AudioMaterialSlate/Functions/MF_SingleLine.uasset" 825
"../../../Engine/Plugins/Runtime/AudioWidgets/Content/AudioMaterialSlate/Functions/MF_SingleLine.uexp" 826
"../../../Engine/Plugins/Runtime/AudioWidgets/Content/AudioMaterialSlate/M_AudioMaterialToggleButton.uasset" 827
"../../../Engine/Plugins/Runtime/AudioWidgets/Content/AudioMaterialSlate/M_AudioMaterialToggleButton.uexp" 828
"../../../Engine/Plugins/Runtime/AudioWidgets/Content/AudioMaterialSlate/MI_AudioMaterialToggleButton.uasset" 829
"../../../Engine/Plugins/Runtime/AudioWidgets/Content/AudioMaterialSlate/MI_AudioMaterialToggleButton.uexp" 830
"../../../Engine/Content/VREditor/TransformGizmo/Main.uasset" 831
"../../../Engine/Content/VREditor/TransformGizmo/Main.uexp" 832
"../../../Engine/Content/VREditor/TransformGizmo/Xray.uasset" 833
"../../../Engine/Content/VREditor/TransformGizmo/Xray.uexp" 834
"../../../Engine/Content/VREditor/TransformGizmo/SM_Sequencer_Node.ubulk" 835
"../../../Engine/Content/VREditor/TransformGizmo/SM_Sequencer_Node.uasset" 836
"../../../Engine/Content/VREditor/TransformGizmo/SM_Sequencer_Node.uexp" 837
"../../../Engine/Content/VREditor/LaserPointer/VR_LaserPower_01.ubulk" 838
"../../../Engine/Content/VREditor/LaserPointer/VR_LaserPower_01.uasset" 839
"../../../Engine/Content/VREditor/LaserPointer/VR_LaserPower_01.uexp" 840
"../../../Engine/Content/VREditor/TransformGizmo/TransformGizmoMaterial.uasset" 841
"../../../Engine/Content/VREditor/TransformGizmo/TransformGizmoMaterial.uexp" 842
"../../../Engine/Content/VREditor/TransformGizmo/TranslucentTransformGizmoMaterial.uasset" 843
"../../../Engine/Content/VREditor/TransformGizmo/TranslucentTransformGizmoMaterial.uexp" 844
"../../../Engine/Content/VREditor/TransformGizmo/BoundingBoxEdge.ubulk" 845
"../../../Engine/Content/VREditor/TransformGizmo/BoundingBoxEdge.uasset" 846
"../../../Engine/Content/VREditor/TransformGizmo/BoundingBoxEdge.uexp" 847
"../../../Engine/Content/VREditor/TransformGizmo/BoundingBoxCorner.ubulk" 848
"../../../Engine/Content/VREditor/TransformGizmo/BoundingBoxCorner.uasset" 849
"../../../Engine/Content/VREditor/TransformGizmo/BoundingBoxCorner.uexp" 850
"../../../Engine/Content/EditorMaterials/Camera/CineMat.uasset" 851
"../../../Engine/Content/EditorMaterials/Camera/CineMat.uexp" 852
"../../../Engine/Content/EditorMaterials/Camera/MI_CineMat_Rig.uasset" 853
"../../../Engine/Content/EditorMaterials/Camera/MI_CineMat_Rig.uexp" 854
"../../../Engine/Content/EditorMeshes/Camera/SM_RailRig_Track.ubulk" 855
"../../../Engine/Content/EditorMeshes/Camera/SM_RailRig_Track.uasset" 856
"../../../Engine/Content/EditorMeshes/Camera/SM_RailRig_Track.uexp" 857
"../../../Engine/Content/EditorMeshes/Camera/SM_RailRig_Mount.ubulk" 858
"../../../Engine/Content/EditorMeshes/Camera/SM_RailRig_Mount.uasset" 859
"../../../Engine/Content/EditorMeshes/Camera/SM_RailRig_Mount.uexp" 860
"../../../Engine/Content/EditorMeshes/Camera/SM_CraneRig_Mount.ubulk" 861
"../../../Engine/Content/EditorMeshes/Camera/SM_CraneRig_Mount.uasset" 862
"../../../Engine/Content/EditorMeshes/Camera/SM_CraneRig_Mount.uexp" 863
"../../../Engine/Content/EditorMeshes/Camera/SM_CraneRig_Body.ubulk" 864
"../../../Engine/Content/EditorMeshes/Camera/SM_CraneRig_Body.uasset" 865
"../../../Engine/Content/EditorMeshes/Camera/SM_CraneRig_Body.uexp" 866
"../../../Engine/Content/EditorMeshes/Camera/SM_CraneRig_Base.ubulk" 867
"../../../Engine/Content/EditorMeshes/Camera/SM_CraneRig_Base.uasset" 868
"../../../Engine/Content/EditorMeshes/Camera/SM_CraneRig_Base.uexp" 869
"../../../Engine/Content/EditorMeshes/Camera/SM_CraneRig_Arm.ubulk" 870
"../../../Engine/Content/EditorMeshes/Camera/SM_CraneRig_Arm.uasset" 871
"../../../Engine/Content/EditorMeshes/Camera/SM_CraneRig_Arm.uexp" 872
"../../../Engine/Content/ArtTools/RenderToTexture/Meshes/S_1_Unit_Plane.ubulk" 873
"../../../Engine/Content/ArtTools/RenderToTexture/Meshes/S_1_Unit_Plane.uasset" 874
"../../../Engine/Content/ArtTools/RenderToTexture/Meshes/S_1_Unit_Plane.uexp" 875
"../../../Engine/Plugins/NNE/NNEDenoiser/Content/NNE_oidn2-3-0_rt_hdr_calb_cnrm_large__dyn__fp16_opset11_ForwardAlpha.uasset" 876
"../../../Engine/Plugins/NNE/NNEDenoiser/Content/NNE_oidn2-3-0_rt_hdr_calb_cnrm_large__dyn__fp16_opset11_ForwardAlpha.uexp" 877
"../../../Engine/Plugins/NNE/NNEDenoiser/Content/NNE_oidn2-3-0_rt_hdr_calb_cnrm_large__dyn__fp16_opset11_DenoiseAlpha.uasset" 878
"../../../Engine/Plugins/NNE/NNEDenoiser/Content/NNE_oidn2-3-0_rt_hdr_calb_cnrm_large__dyn__fp16_opset11_DenoiseAlpha.uexp" 879
"../../../Engine/Plugins/NNE/NNEDenoiser/Content/NNE_oidn2-3-0_rt_hdr_alb_nrm__dyn__fp16_opset11_ForwardAlpha.uasset" 880
"../../../Engine/Plugins/NNE/NNEDenoiser/Content/NNE_oidn2-3-0_rt_hdr_alb_nrm__dyn__fp16_opset11_ForwardAlpha.uexp" 881
"../../../Engine/Plugins/NNE/NNEDenoiser/Content/NNE_oidn2-3-0_rt_hdr_alb_nrm__dyn__fp16_opset11_DenoiseAlpha.uasset" 882
"../../../Engine/Plugins/NNE/NNEDenoiser/Content/NNE_oidn2-3-0_rt_hdr_alb_nrm__dyn__fp16_opset11_DenoiseAlpha.uexp" 883
"../../../Engine/Plugins/NNE/NNEDenoiser/Content/NNE_oidn2-3-0_rt_hdr_alb_nrm_small__dyn__fp16_opset11_ForwardAlpha.uasset" 884
"../../../Engine/Plugins/NNE/NNEDenoiser/Content/NNE_oidn2-3-0_rt_hdr_alb_nrm_small__dyn__fp16_opset11_ForwardAlpha.uexp" 885
"../../../Engine/Plugins/NNE/NNEDenoiser/Content/NNE_oidn2-3-0_rt_hdr_alb_nrm_small__dyn__fp16_opset11_DenoiseAlpha.uasset" 886
"../../../Engine/Plugins/NNE/NNEDenoiser/Content/NNE_oidn2-3-0_rt_hdr_alb_nrm_small__dyn__fp16_opset11_DenoiseAlpha.uexp" 887
"../../../Engine/Plugins/NNE/NNEDenoiser/Content/NNED_Oidn2-3_HighQuality_Alpha.uasset" 888
"../../../Engine/Plugins/NNE/NNEDenoiser/Content/NNED_Oidn2-3_HighQuality_Alpha.uexp" 889
"../../../Engine/Plugins/NNE/NNEDenoiser/Content/NNED_Oidn2-3_HighQuality.uasset" 890
"../../../Engine/Plugins/NNE/NNEDenoiser/Content/NNED_Oidn2-3_HighQuality.uexp" 891
"../../../Engine/Plugins/NNE/NNEDenoiser/Content/NNED_Oidn2-3_Fast_Alpha.uasset" 892
"../../../Engine/Plugins/NNE/NNEDenoiser/Content/NNED_Oidn2-3_Fast_Alpha.uexp" 893
"../../../Engine/Plugins/NNE/NNEDenoiser/Content/NNED_Oidn2-3_Fast.uasset" 894
"../../../Engine/Plugins/NNE/NNEDenoiser/Content/NNED_Oidn2-3_Fast.uexp" 895
"../../../Engine/Plugins/NNE/NNEDenoiser/Content/NNED_Oidn2-3_Balanced_Alpha.uasset" 896
"../../../Engine/Plugins/NNE/NNEDenoiser/Content/NNED_Oidn2-3_Balanced_Alpha.uexp" 897
"../../../Engine/Plugins/NNE/NNEDenoiser/Content/NNED_Oidn2-3_Balanced.uasset" 898
"../../../Engine/Plugins/NNE/NNEDenoiser/Content/NNED_Oidn2-3_Balanced.uexp" 899
"../../../Engine/Plugins/NNE/NNEDenoiser/Content/NNEDT_Oidn2-3_Balanced_Alpha.uasset" 900
"../../../Engine/Plugins/NNE/NNEDenoiser/Content/NNEDT_Oidn2-3_Balanced_Alpha.uexp" 901
"../../../Engine/Plugins/NNE/NNEDenoiser/Content/NNEDT_Oidn2-3_Balanced.uasset" 902
"../../../Engine/Plugins/NNE/NNEDenoiser/Content/NNEDT_Oidn2-3_Balanced.uexp" 903
"../../../Engine/Plugins/Animation/DeformerGraph/Content/Deformers/DG_LinearBlendSkin_Morph_Cloth_RecomputeNormals.uasset" 904
"../../../Engine/Plugins/Animation/DeformerGraph/Content/Deformers/DG_LinearBlendSkin_Morph_Cloth_RecomputeNormals.uexp" 905
"../../../Engine/Plugins/Animation/DeformerGraph/Content/Deformers/DG_LinearBlendSkin_Morph_Cloth.uasset" 906
"../../../Engine/Plugins/Animation/DeformerGraph/Content/Deformers/DG_LinearBlendSkin_Morph_Cloth.uexp" 907
"../../../Engine/Plugins/Animation/DeformerGraph/Content/DeformerFunctions/DG_Function_LinearBlendSkin_Morph_Cloth_PositionOnly.uasset" 908
"../../../Engine/Plugins/Animation/DeformerGraph/Content/DeformerFunctions/DG_Function_LinearBlendSkin_Morph_Cloth_PositionOnly.uexp" 909
"../../../Engine/Plugins/Animation/DeformerGraph/Content/DeformerFunctions/DG_Function_LinearBlendSkin_Morph_Cloth.uasset" 910
"../../../Engine/Plugins/Animation/DeformerGraph/Content/DeformerFunctions/DG_Function_LinearBlendSkin_Morph_Cloth.uexp" 911
"../../../Engine/Plugins/Animation/DeformerGraph/Content/DeformerFunctions/DG_Function_ComputeNormalsTangents.uasset" 912
"../../../Engine/Plugins/Animation/DeformerGraph/Content/DeformerFunctions/DG_Function_ComputeNormalsTangents.uexp" 913
"../../../Engine/Content/VREditor/TransformGizmo/StartRotationHandleIndicator.ubulk" 914
"../../../Engine/Content/VREditor/TransformGizmo/StartRotationHandleIndicator.uasset" 915
"../../../Engine/Content/VREditor/TransformGizmo/StartRotationHandleIndicator.uexp" 916
"../../../Engine/Content/VREditor/Sounds/UI/Drop_Item_From_ContentBrowser.ubulk" 917
"../../../Engine/Content/VREditor/Sounds/UI/Drop_Item_From_ContentBrowser.uasset" 918
"../../../Engine/Content/VREditor/Sounds/UI/Drop_Item_From_ContentBrowser.uexp" 919
"../../../Engine/Content/VREditor/TransformGizmo/PlaneTranslationHandle.ubulk" 920
"../../../Engine/Content/VREditor/TransformGizmo/PlaneTranslationHandle.uasset" 921
"../../../Engine/Content/VREditor/TransformGizmo/PlaneTranslationHandle.uexp" 922
"../../../Engine/Content/VREditor/Sounds/UI/Object_Snaps_To_Grid.ubulk" 923
"../../../Engine/Content/VREditor/Sounds/UI/Object_Snaps_To_Grid.uasset" 924
"../../../Engine/Content/VREditor/Sounds/UI/Object_Snaps_To_Grid.uexp" 925
"../../../Engine/Content/VREditor/Sounds/UI/Selection_Changes.ubulk" 926
"../../../Engine/Content/VREditor/Sounds/UI/Selection_Changes.uasset" 927
"../../../Engine/Content/VREditor/Sounds/UI/Selection_Changes.uexp" 928
"../../../Engine/Content/VREditor/Sounds/UI/Object_Snaps_To_Another_Actor.ubulk" 929
"../../../Engine/Content/VREditor/Sounds/UI/Object_Snaps_To_Another_Actor.uasset" 930
"../../../Engine/Content/VREditor/Sounds/UI/Object_Snaps_To_Another_Actor.uexp" 931
"../../../Engine/Content/VREditor/TransformGizmo/TranslucentTransformGizmoMaterial_Inst.uasset" 932
"../../../Engine/Content/VREditor/TransformGizmo/TranslucentTransformGizmoMaterial_Inst.uexp" 933
"../../../Engine/Content/VREditor/TransformGizmo/TransformGizmoFreeRotation.ubulk" 934
"../../../Engine/Content/VREditor/TransformGizmo/TransformGizmoFreeRotation.uasset" 935
"../../../Engine/Content/VREditor/TransformGizmo/TransformGizmoFreeRotation.uexp" 936
"../../../Engine/Content/VREditor/Sounds/UI/Scaling_Down.ubulk" 937
"../../../Engine/Content/VREditor/Sounds/UI/Scaling_Down.uasset" 938
"../../../Engine/Content/VREditor/Sounds/UI/Scaling_Down.uexp" 939
"../../../Engine/Content/Functions/Engine_MaterialFunctions02/SplitComponents.uasset" 940
"../../../Engine/Content/Functions/Engine_MaterialFunctions02/SplitComponents.uexp" 941
"../../../Engine/Content/VREditor/SnapGrid/SnapGridMaterial.uasset" 942
"../../../Engine/Content/VREditor/SnapGrid/SnapGridMaterial.uexp" 943
"../../../Engine/Content/VREditor/SnapGrid/SnapGridPlaneMesh.ubulk" 944
"../../../Engine/Content/VREditor/SnapGrid/SnapGridPlaneMesh.uasset" 945
"../../../Engine/Content/VREditor/SnapGrid/SnapGridPlaneMesh.uexp" 946
"../../../Engine/Content/VREditor/Sounds/UI/Scaling_Up.ubulk" 947
"../../../Engine/Content/VREditor/Sounds/UI/Scaling_Up.uasset" 948
"../../../Engine/Content/VREditor/Sounds/UI/Scaling_Up.uexp" 949
"../../../Engine/Content/VREditor/TransformGizmo/TransformGizmoMaterial_Inst.uasset" 950
"../../../Engine/Content/VREditor/TransformGizmo/TransformGizmoMaterial_Inst.uexp" 951
"../../../Engine/Content/VREditor/Sounds/UI/Gizmo_Handle_Clicked.ubulk" 952
"../../../Engine/Content/VREditor/Sounds/UI/Gizmo_Handle_Clicked.uasset" 953
"../../../Engine/Content/VREditor/Sounds/UI/Gizmo_Handle_Clicked.uexp" 954
"../../../Engine/Content/VREditor/TransformGizmo/RotationHandleQuarter.ubulk" 955
"../../../Engine/Content/VREditor/TransformGizmo/RotationHandleQuarter.uasset" 956
"../../../Engine/Content/VREditor/TransformGizmo/RotationHandleQuarter.uexp" 957
"../../../Engine/Content/VREditor/TransformGizmo/TranslateArrowHandle.ubulk" 958
"../../../Engine/Content/VREditor/TransformGizmo/TranslateArrowHandle.uasset" 959
"../../../Engine/Content/VREditor/TransformGizmo/TranslateArrowHandle.uexp" 960
"../../../Engine/Content/VREditor/TransformGizmo/RotationHandleIndicator.ubulk" 961
"../../../Engine/Content/VREditor/TransformGizmo/RotationHandleIndicator.uasset" 962
"../../../Engine/Content/VREditor/TransformGizmo/RotationHandleIndicator.uexp" 963
"../../../Engine/Content/VREditor/TransformGizmo/UniformScaleHandle.ubulk" 964
"../../../Engine/Content/VREditor/TransformGizmo/UniformScaleHandle.uasset" 965
"../../../Engine/Content/VREditor/TransformGizmo/UniformScaleHandle.uexp" 966
"../../../Engine/Content/VREditor/TransformGizmo/RotationHandleFull.ubulk" 967
"../../../Engine/Content/VREditor/TransformGizmo/RotationHandleFull.uasset" 968
"../../../Engine/Content/VREditor/TransformGizmo/RotationHandleFull.uexp" 969
"../../../Engine/Content/VREditor/Sounds/UI/Object_PickUp.ubulk" 970
"../../../Engine/Content/VREditor/Sounds/UI/Object_PickUp.uasset" 971
"../../../Engine/Content/VREditor/Sounds/UI/Object_PickUp.uexp" 972
"../../../Engine/Content/EngineResources/LandscapeVisibilityLayerInfo.uasset" 973
"../../../Engine/Content/EngineResources/LandscapeVisibilityLayerInfo.uexp" 974
"C:/Users/muham/Documents/GitHub/IdleGame/IdleGame/Content/IdleGame/Textures/Images/Others/circle.uasset" 975
"C:/Users/muham/Documents/GitHub/IdleGame/IdleGame/Content/IdleGame/Textures/Images/Others/circle.uexp" 976
"C:/Users/muham/Documents/GitHub/IdleGame/IdleGame/Content/IdleGame/Textures/Images/Masks/Map/New/WorldMapRegionNewSmall.uasset" 977
"C:/Users/muham/Documents/GitHub/IdleGame/IdleGame/Content/IdleGame/Textures/Images/Masks/Map/New/WorldMapRegionNewSmall.uexp" 978
"C:/Users/muham/Documents/GitHub/IdleGame/IdleGame/Content/IdleGame/Blueprints/Interface/BPI_Pausable.uasset" 979
"C:/Users/muham/Documents/GitHub/IdleGame/IdleGame/Content/IdleGame/Blueprints/Interface/BPI_Pausable.uexp" 980
"C:/Users/muham/Documents/GitHub/IdleGame/IdleGame/Content/IdleGame/Textures/Images/Masks/Map/New/MaskTexture_PERFECT.uasset" 981
"C:/Users/muham/Documents/GitHub/IdleGame/IdleGame/Content/IdleGame/Textures/Images/Masks/Map/New/MaskTexture_PERFECT.uexp" 982
"C:/Users/muham/Documents/GitHub/IdleGame/IdleGame/Content/IdleGame/Blueprints/BP_CivilizationManager.uasset" 983
"C:/Users/muham/Documents/GitHub/IdleGame/IdleGame/Content/IdleGame/Blueprints/BP_CivilizationManager.uexp" 984
"../../../Engine/Content/EngineResources/DefaultTexture.ubulk" 985
"../../../Engine/Content/EngineResources/DefaultTexture.uasset" 986
"../../../Engine/Content/EngineResources/DefaultTexture.uexp" 987
"C:/Users/muham/Documents/GitHub/IdleGame/IdleGame/Content/IdleGame/Textures/Materials/M_CivMap.uasset" 988
"C:/Users/muham/Documents/GitHub/IdleGame/IdleGame/Content/IdleGame/Textures/Materials/M_CivMap.uexp" 989
"C:/Users/muham/Documents/GitHub/IdleGame/IdleGame/Content/IdleGame/DataTables/DT_Resources.uasset" 990
"C:/Users/muham/Documents/GitHub/IdleGame/IdleGame/Content/IdleGame/DataTables/DT_Resources.uexp" 991
"C:/Users/muham/Documents/GitHub/IdleGame/IdleGame/Content/IdleGame/DataTables/DT_Buildings.uasset" 992
"C:/Users/muham/Documents/GitHub/IdleGame/IdleGame/Content/IdleGame/DataTables/DT_Buildings.uexp" 993
"C:/Users/muham/Documents/GitHub/IdleGame/IdleGame/Content/IdleGame/Textures/KenneyUIPack/PNG/Yellow/Double/bar_round_gloss_large.uasset" 994
"C:/Users/muham/Documents/GitHub/IdleGame/IdleGame/Content/IdleGame/Textures/KenneyUIPack/PNG/Yellow/Double/bar_round_gloss_large.uexp" 995
"C:/Users/muham/Documents/GitHub/IdleGame/IdleGame/Content/IdleGame/Textures/Images/Upgrades/HayWLadder.uasset" 996
"C:/Users/muham/Documents/GitHub/IdleGame/IdleGame/Content/IdleGame/Textures/Images/Upgrades/HayWLadder.uexp" 997
"C:/Users/muham/Documents/GitHub/IdleGame/IdleGame/Content/IdleGame/Textures/Images/Upgrades/Tools/PickAxeAdvanced.uasset" 998
"C:/Users/muham/Documents/GitHub/IdleGame/IdleGame/Content/IdleGame/Textures/Images/Upgrades/Tools/PickAxeAdvanced.uexp" 999
"C:/Users/muham/Documents/GitHub/IdleGame/IdleGame/Content/IdleGame/Textures/Images/Image_Scientist_Cyborg.uasset" 1000
"C:/Users/muham/Documents/GitHub/IdleGame/IdleGame/Content/IdleGame/Textures/Images/Image_Scientist_Cyborg.uexp" 1001
"C:/Users/muham/Documents/GitHub/IdleGame/IdleGame/Content/IdleGame/Structures/S_UpgradeDataStructure.uasset" 1002
"C:/Users/muham/Documents/GitHub/IdleGame/IdleGame/Content/IdleGame/Structures/S_UpgradeDataStructure.uexp" 1003
"C:/Users/muham/Documents/GitHub/IdleGame/IdleGame/Content/IdleGame/Textures/Images/Image_Scientist_Normal.ubulk" 1004
"C:/Users/muham/Documents/GitHub/IdleGame/IdleGame/Content/IdleGame/Textures/Images/Image_Scientist_Normal.uasset" 1005
"C:/Users/muham/Documents/GitHub/IdleGame/IdleGame/Content/IdleGame/Textures/Images/Image_Scientist_Normal.uexp" 1006
"C:/Users/muham/Documents/GitHub/IdleGame/IdleGame/Content/IdleGame/Textures/Images/Image_Green_Energy.uasset" 1007
"C:/Users/muham/Documents/GitHub/IdleGame/IdleGame/Content/IdleGame/Textures/Images/Image_Green_Energy.uexp" 1008
"C:/Users/muham/Documents/GitHub/IdleGame/IdleGame/Content/IdleGame/Textures/Images/Upgrades/Tools/PickaxePrimitive.uasset" 1009
"C:/Users/muham/Documents/GitHub/IdleGame/IdleGame/Content/IdleGame/Textures/Images/Upgrades/Tools/PickaxePrimitive.uexp" 1010
"C:/Users/muham/Documents/GitHub/IdleGame/IdleGame/Content/IdleGame/Textures/Images/Upgrades/CowLiveStock.uasset" 1011
"C:/Users/muham/Documents/GitHub/IdleGame/IdleGame/Content/IdleGame/Textures/Images/Upgrades/CowLiveStock.uexp" 1012
"C:/Users/muham/Documents/GitHub/IdleGame/IdleGame/Content/IdleGame/Textures/Images/Upgrades/Tools/PickaxeNormal.uasset" 1013
"C:/Users/muham/Documents/GitHub/IdleGame/IdleGame/Content/IdleGame/Textures/Images/Upgrades/Tools/PickaxeNormal.uexp" 1014
"C:/Users/muham/Documents/GitHub/IdleGame/IdleGame/Content/IdleGame/Textures/Materials/M_Energy.uasset" 1015
"C:/Users/muham/Documents/GitHub/IdleGame/IdleGame/Content/IdleGame/Textures/Materials/M_Energy.uexp" 1016
"C:/Users/muham/Documents/GitHub/IdleGame/IdleGame/Content/IdleGame/Textures/Materials/MI_Energy.uasset" 1017
"C:/Users/muham/Documents/GitHub/IdleGame/IdleGame/Content/IdleGame/Textures/Materials/MI_Energy.uexp" 1018
"C:/Users/muham/Documents/GitHub/IdleGame/IdleGame/Content/IdleGame/DataTables/DT_Upgrades.uasset" 1019
"C:/Users/muham/Documents/GitHub/IdleGame/IdleGame/Content/IdleGame/DataTables/DT_Upgrades.uexp" 1020
"C:/Users/muham/Documents/GitHub/IdleGame/IdleGame/Content/IdleGame/Curves/LevelThBasic.uasset" 1021
"C:/Users/muham/Documents/GitHub/IdleGame/IdleGame/Content/IdleGame/Curves/LevelThBasic.uexp" 1022
"C:/Users/muham/Documents/GitHub/IdleGame/IdleGame/Content/IdleGame/DataTables/DT_ResourceNodes.uasset" 1023
"C:/Users/muham/Documents/GitHub/IdleGame/IdleGame/Content/IdleGame/DataTables/DT_ResourceNodes.uexp" 1024
"C:/Users/muham/Documents/GitHub/IdleGame/IdleGame/Content/IdleGame/UI/EarthSection/BPW_ResourceDetailPanel.uasset" 1025
"C:/Users/muham/Documents/GitHub/IdleGame/IdleGame/Content/IdleGame/UI/EarthSection/BPW_ResourceDetailPanel.uexp" 1026
"C:/Users/muham/Documents/GitHub/IdleGame/IdleGame/Content/IdleGame/Textures/Images/Resources/WheatResource.uasset" 1027
"C:/Users/muham/Documents/GitHub/IdleGame/IdleGame/Content/IdleGame/Textures/Images/Resources/WheatResource.uexp" 1028
"C:/Users/muham/Documents/GitHub/IdleGame/IdleGame/Content/IdleGame/Textures/Images/Upgrades/FisheryResource.uasset" 1029
"C:/Users/muham/Documents/GitHub/IdleGame/IdleGame/Content/IdleGame/Textures/Images/Upgrades/FisheryResource.uexp" 1030
"C:/Users/muham/Documents/GitHub/IdleGame/IdleGame/Content/IdleGame/Textures/Images/Upgrades/CowResource.uasset" 1031
"C:/Users/muham/Documents/GitHub/IdleGame/IdleGame/Content/IdleGame/Textures/Images/Upgrades/CowResource.uexp" 1032
"C:/Users/muham/Documents/GitHub/IdleGame/IdleGame/Content/IdleGame/Textures/Images/Resources/IronResource.uasset" 1033
"C:/Users/muham/Documents/GitHub/IdleGame/IdleGame/Content/IdleGame/Textures/Images/Resources/IronResource.uexp" 1034
"C:/Users/muham/Documents/GitHub/IdleGame/IdleGame/Content/IdleGame/Textures/Images/Resources/TreeResource.uasset" 1035
"C:/Users/muham/Documents/GitHub/IdleGame/IdleGame/Content/IdleGame/Textures/Images/Resources/TreeResource.uexp" 1036
"C:/Users/muham/Documents/GitHub/IdleGame/IdleGame/Content/IdleGame/Textures/KenneyUIPack/PNG/Yellow/Default/bar_round_gloss_large_square.uasset" 1037
"C:/Users/muham/Documents/GitHub/IdleGame/IdleGame/Content/IdleGame/Textures/KenneyUIPack/PNG/Yellow/Default/bar_round_gloss_large_square.uexp" 1038
"C:/Users/muham/Documents/GitHub/IdleGame/IdleGame/Content/IdleGame/Textures/Images/Upgrades/MarketPicture.uasset" 1039
"C:/Users/muham/Documents/GitHub/IdleGame/IdleGame/Content/IdleGame/Textures/Images/Upgrades/MarketPicture.uexp" 1040
"C:/Users/muham/Documents/GitHub/IdleGame/IdleGame/Content/IdleGame/BP_IdleGameInstance.uasset" 1041
"C:/Users/muham/Documents/GitHub/IdleGame/IdleGame/Content/IdleGame/BP_IdleGameInstance.uexp" 1042
"C:/Users/muham/Documents/GitHub/IdleGame/IdleGame/Content/IdleGame/UI/BPW_Drag.uasset" 1043
"C:/Users/muham/Documents/GitHub/IdleGame/IdleGame/Content/IdleGame/UI/BPW_Drag.uexp" 1044
"C:/Users/muham/Documents/GitHub/IdleGame/IdleGame/Content/IdleGame/Textures/KenneyUIPack/Font/Kenney_Future.uexp" 1045
"C:/Users/muham/Documents/GitHub/IdleGame/IdleGame/Content/IdleGame/Textures/KenneyUIPack/Font/Kenney_Future.uasset" 1046
"C:/Users/muham/Documents/GitHub/IdleGame/IdleGame/Content/IdleGame/Textures/KenneyUIPack/Font/Kenney_Future.ufont" 1047
"C:/Users/muham/Documents/GitHub/IdleGame/IdleGame/Content/IdleGame/Textures/KenneyUIPack/Font/Kenney_Future_Font.uasset" 1048
"C:/Users/muham/Documents/GitHub/IdleGame/IdleGame/Content/IdleGame/Textures/KenneyUIPack/Font/Kenney_Future_Font.uexp" 1049
"C:/Users/muham/Documents/GitHub/IdleGame/IdleGame/Content/IdleGame/Textures/KenneyUIPack/PNG/Extra/Double/panel_glass.ubulk" 1050
"C:/Users/muham/Documents/GitHub/IdleGame/IdleGame/Content/IdleGame/Textures/KenneyUIPack/PNG/Extra/Double/panel_glass.uasset" 1051
"C:/Users/muham/Documents/GitHub/IdleGame/IdleGame/Content/IdleGame/Textures/KenneyUIPack/PNG/Extra/Double/panel_glass.uexp" 1052
"C:/Users/muham/Documents/GitHub/IdleGame/IdleGame/Content/IdleGame/UI/Drag_Widget.uasset" 1053
"C:/Users/muham/Documents/GitHub/IdleGame/IdleGame/Content/IdleGame/UI/Drag_Widget.uexp" 1054
"C:/Users/muham/Documents/GitHub/IdleGame/IdleGame/Content/IdleGame/UI/EarthSection/BPW_DraggableWindowBase.uasset" 1055
"C:/Users/muham/Documents/GitHub/IdleGame/IdleGame/Content/IdleGame/UI/EarthSection/BPW_DraggableWindowBase.uexp" 1056
"C:/Users/muham/Documents/GitHub/IdleGame/IdleGame/Content/IdleGame/Textures/KenneyUIPack/PNG/Extra/Double/panel_square_screws.ubulk" 1057
"C:/Users/muham/Documents/GitHub/IdleGame/IdleGame/Content/IdleGame/Textures/KenneyUIPack/PNG/Extra/Double/panel_square_screws.uasset" 1058
"C:/Users/muham/Documents/GitHub/IdleGame/IdleGame/Content/IdleGame/Textures/KenneyUIPack/PNG/Extra/Double/panel_square_screws.uexp" 1059
"C:/Users/muham/Documents/GitHub/IdleGame/IdleGame/Content/IdleGame/Textures/KenneyUIPack/Font/Kenney_Future_Narrow.uexp" 1060
"C:/Users/muham/Documents/GitHub/IdleGame/IdleGame/Content/IdleGame/Textures/KenneyUIPack/Font/Kenney_Future_Narrow.uasset" 1061
"C:/Users/muham/Documents/GitHub/IdleGame/IdleGame/Content/IdleGame/Textures/KenneyUIPack/Font/Kenney_Future_Narrow.ufont" 1062
"C:/Users/muham/Documents/GitHub/IdleGame/IdleGame/Content/IdleGame/Textures/KenneyUIPack/Font/Kenney_Future_Narrow_Font.uasset" 1063
"C:/Users/muham/Documents/GitHub/IdleGame/IdleGame/Content/IdleGame/Textures/KenneyUIPack/Font/Kenney_Future_Narrow_Font.uexp" 1064
"C:/Users/muham/Documents/GitHub/IdleGame/IdleGame/Content/IdleGame/UI/EarthSection/BPW_BuildingButton.uasset" 1065
"C:/Users/muham/Documents/GitHub/IdleGame/IdleGame/Content/IdleGame/UI/EarthSection/BPW_BuildingButton.uexp" 1066
"C:/Users/muham/Documents/GitHub/IdleGame/IdleGame/Content/IdleGame/Textures/KenneyUIPack/PNG/Blue/Default/bar_round_large.uasset" 1067
"C:/Users/muham/Documents/GitHub/IdleGame/IdleGame/Content/IdleGame/Textures/KenneyUIPack/PNG/Blue/Default/bar_round_large.uexp" 1068
"C:/Users/muham/Documents/GitHub/IdleGame/IdleGame/Content/IdleGame/Textures/KenneyUIPack/PNG/Extra/Default/bar_shadow_round_large.uasset" 1069
"C:/Users/muham/Documents/GitHub/IdleGame/IdleGame/Content/IdleGame/Textures/KenneyUIPack/PNG/Extra/Default/bar_shadow_round_large.uexp" 1070
"C:/Users/muham/Documents/GitHub/IdleGame/IdleGame/Content/IdleGame/Textures/KenneyUIPack/PNG/Extra/Double/button_rectangle.uasset" 1071
"C:/Users/muham/Documents/GitHub/IdleGame/IdleGame/Content/IdleGame/Textures/KenneyUIPack/PNG/Extra/Double/button_rectangle.uexp" 1072
"C:/Users/muham/Documents/GitHub/IdleGame/IdleGame/Content/IdleGame/Textures/KenneyUIPack/PNG/Green/Double/bar_round_large.uasset" 1073
"C:/Users/muham/Documents/GitHub/IdleGame/IdleGame/Content/IdleGame/Textures/KenneyUIPack/PNG/Green/Double/bar_round_large.uexp" 1074
"C:/Users/muham/Documents/GitHub/IdleGame/IdleGame/Content/IdleGame/DataTables/DT_Regions.uasset" 1075
"C:/Users/muham/Documents/GitHub/IdleGame/IdleGame/Content/IdleGame/DataTables/DT_Regions.uexp" 1076
"C:/Users/muham/Documents/GitHub/IdleGame/IdleGame/Content/IdleGame/UI/EarthSection/BPW_RegionMenu.uasset" 1077
"C:/Users/muham/Documents/GitHub/IdleGame/IdleGame/Content/IdleGame/UI/EarthSection/BPW_RegionMenu.uexp" 1078
"C:/Users/muham/Documents/GitHub/IdleGame/IdleGame/Content/IdleGame/BP_IdleCharacter.uasset" 1079
"C:/Users/muham/Documents/GitHub/IdleGame/IdleGame/Content/IdleGame/BP_IdleCharacter.uexp" 1080
"C:/Users/muham/Documents/GitHub/IdleGame/IdleGame/Content/IdleGame/Blueprints/BP_IdleSaveGame.uasset" 1081
"C:/Users/muham/Documents/GitHub/IdleGame/IdleGame/Content/IdleGame/Blueprints/BP_IdleSaveGame.uexp" 1082
"C:/Users/muham/Documents/GitHub/IdleGame/IdleGame/Content/IdleGame/Textures/Images/Planets/planet03.uasset" 1083
"C:/Users/muham/Documents/GitHub/IdleGame/IdleGame/Content/IdleGame/Textures/Images/Planets/planet03.uexp" 1084
"C:/Users/muham/Documents/GitHub/IdleGame/IdleGame/Content/IdleGame/UI/EarthSection/BPW_Earth_Widget.uasset" 1085
"C:/Users/muham/Documents/GitHub/IdleGame/IdleGame/Content/IdleGame/UI/EarthSection/BPW_Earth_Widget.uexp" 1086
"C:/Users/muham/Documents/GitHub/IdleGame/IdleGame/Content/IdleGame/Textures/KenneyUIPack/PNG/Yellow/Default/button_square_header_large_square.uasset" 1087
"C:/Users/muham/Documents/GitHub/IdleGame/IdleGame/Content/IdleGame/Textures/KenneyUIPack/PNG/Yellow/Default/button_square_header_large_square.uexp" 1088
"C:/Users/muham/Documents/GitHub/IdleGame/IdleGame/Content/IdleGame/UI/EarthSection/BPW_Score.uasset" 1089
"C:/Users/muham/Documents/GitHub/IdleGame/IdleGame/Content/IdleGame/UI/EarthSection/BPW_Score.uexp" 1090
"C:/Users/muham/Documents/GitHub/IdleGame/IdleGame/Content/IdleGame/UI/Materials/M_ProgressBar.uasset" 1091
"C:/Users/muham/Documents/GitHub/IdleGame/IdleGame/Content/IdleGame/UI/Materials/M_ProgressBar.uexp" 1092
"C:/Users/muham/Documents/GitHub/IdleGame/IdleGame/Content/IdleGame/Textures/KenneyUIPack/PNG/Grey/Default/bar_square_large_square.uasset" 1093
"C:/Users/muham/Documents/GitHub/IdleGame/IdleGame/Content/IdleGame/Textures/KenneyUIPack/PNG/Grey/Default/bar_square_large_square.uexp" 1094
"C:/Users/muham/Documents/GitHub/IdleGame/IdleGame/Content/IdleGame/UI/EarthSection/BPW_Level.uasset" 1095
"C:/Users/muham/Documents/GitHub/IdleGame/IdleGame/Content/IdleGame/UI/EarthSection/BPW_Level.uexp" 1096
"C:/Users/muham/Documents/GitHub/IdleGame/IdleGame/Content/IdleGame/Textures/KenneyUIPack/PNG/Blue/Double/bar_round_gloss_large.uasset" 1097
"C:/Users/muham/Documents/GitHub/IdleGame/IdleGame/Content/IdleGame/Textures/KenneyUIPack/PNG/Blue/Double/bar_round_gloss_large.uexp" 1098
"C:/Users/muham/Documents/GitHub/IdleGame/IdleGame/Content/IdleGame/Textures/KenneyUIPack/PNG/Extra/Double/button_square_depth.ubulk" 1099
"C:/Users/muham/Documents/GitHub/IdleGame/IdleGame/Content/IdleGame/Textures/KenneyUIPack/PNG/Extra/Double/button_square_depth.uasset" 1100
"C:/Users/muham/Documents/GitHub/IdleGame/IdleGame/Content/IdleGame/Textures/KenneyUIPack/PNG/Extra/Double/button_square_depth.uexp" 1101
"C:/Users/muham/Documents/GitHub/IdleGame/IdleGame/Content/IdleGame/UI/Custom/BPW_UpperBorder.uasset" 1102
"C:/Users/muham/Documents/GitHub/IdleGame/IdleGame/Content/IdleGame/UI/Custom/BPW_UpperBorder.uexp" 1103
"C:/Users/muham/Documents/GitHub/IdleGame/IdleGame/Content/IdleGame/Textures/KenneyUIPack/PNG/Red/Default/bar_round_gloss_large_square.uasset" 1104
"C:/Users/muham/Documents/GitHub/IdleGame/IdleGame/Content/IdleGame/Textures/KenneyUIPack/PNG/Red/Default/bar_round_gloss_large_square.uexp" 1105
"C:/Users/muham/Documents/GitHub/IdleGame/IdleGame/Content/IdleGame/Enums/E_UpgradeTabState.uasset" 1106
"C:/Users/muham/Documents/GitHub/IdleGame/IdleGame/Content/IdleGame/Enums/E_UpgradeTabState.uexp" 1107
"C:/Users/muham/Documents/GitHub/IdleGame/IdleGame/Content/IdleGame/Textures/KenneyUIPack/PNG/Yellow/Default/bar_round_large_square.uasset" 1108
"C:/Users/muham/Documents/GitHub/IdleGame/IdleGame/Content/IdleGame/Textures/KenneyUIPack/PNG/Yellow/Default/bar_round_large_square.uexp" 1109
"C:/Users/muham/Documents/GitHub/IdleGame/IdleGame/Content/IdleGame/UI/EarthSection/BPW_UpgradeItem.uasset" 1110
"C:/Users/muham/Documents/GitHub/IdleGame/IdleGame/Content/IdleGame/UI/EarthSection/BPW_UpgradeItem.uexp" 1111
"C:/Users/muham/Documents/GitHub/IdleGame/IdleGame/Content/IdleGame/Textures/KenneyUIPack/PNG/Extra/Default/panel_rectangle.uasset" 1112
"C:/Users/muham/Documents/GitHub/IdleGame/IdleGame/Content/IdleGame/Textures/KenneyUIPack/PNG/Extra/Default/panel_rectangle.uexp" 1113
"C:/Users/muham/Documents/GitHub/IdleGame/IdleGame/Content/IdleGame/UI/EarthSection/BPW_UpgradeTab.uasset" 1114
"C:/Users/muham/Documents/GitHub/IdleGame/IdleGame/Content/IdleGame/UI/EarthSection/BPW_UpgradeTab.uexp" 1115
"C:/Users/muham/Documents/GitHub/IdleGame/IdleGame/Content/IdleGame/UI/EarthSection/BPW_Upgrade_Button.uasset" 1116
"C:/Users/muham/Documents/GitHub/IdleGame/IdleGame/Content/IdleGame/UI/EarthSection/BPW_Upgrade_Button.uexp" 1117
"C:/Users/muham/Documents/GitHub/IdleGame/IdleGame/Content/IdleGame/Textures/Images/SpaceBackground1.uasset" 1118
"C:/Users/muham/Documents/GitHub/IdleGame/IdleGame/Content/IdleGame/Textures/Images/SpaceBackground1.uexp" 1119
"C:/Users/muham/Documents/GitHub/IdleGame/IdleGame/Content/IdleGame/UI/EarthSection/BPW_Space.uasset" 1120
"C:/Users/muham/Documents/GitHub/IdleGame/IdleGame/Content/IdleGame/UI/EarthSection/BPW_Space.uexp" 1121
"C:/Users/muham/Documents/GitHub/IdleGame/IdleGame/Content/IdleGame/Textures/KenneyUIPack/PNG/Grey/Double/bar_round_gloss_large.uasset" 1122
"C:/Users/muham/Documents/GitHub/IdleGame/IdleGame/Content/IdleGame/Textures/KenneyUIPack/PNG/Grey/Double/bar_round_gloss_large.uexp" 1123
"C:/Users/muham/Documents/GitHub/IdleGame/IdleGame/Content/IdleGame/UI/Trash/BPW_UpgradeItemTrash.uasset" 1124
"C:/Users/muham/Documents/GitHub/IdleGame/IdleGame/Content/IdleGame/UI/Trash/BPW_UpgradeItemTrash.uexp" 1125
"C:/Users/muham/Documents/GitHub/IdleGame/IdleGame/Content/IdleGame/Textures/KenneyUIPack/PNG/Red/Double/bar_round_gloss_small.uasset" 1126
"C:/Users/muham/Documents/GitHub/IdleGame/IdleGame/Content/IdleGame/Textures/KenneyUIPack/PNG/Red/Double/bar_round_gloss_small.uexp" 1127
"C:/Users/muham/Documents/GitHub/IdleGame/IdleGame/Content/IdleGame/Blueprints/Interface/BPI_UIHandler.uasset" 1128
"C:/Users/muham/Documents/GitHub/IdleGame/IdleGame/Content/IdleGame/Blueprints/Interface/BPI_UIHandler.uexp" 1129
"C:/Users/muham/Documents/GitHub/IdleGame/IdleGame/Content/IdleGame/BP_IdleGameController.uasset" 1130
"C:/Users/muham/Documents/GitHub/IdleGame/IdleGame/Content/IdleGame/BP_IdleGameController.uexp" 1131
"C:/Users/muham/Documents/GitHub/IdleGame/IdleGame/Content/IdleGame/UI/EarthSection/BPW_ConfirmationDialog.uasset" 1132
"C:/Users/muham/Documents/GitHub/IdleGame/IdleGame/Content/IdleGame/UI/EarthSection/BPW_ConfirmationDialog.uexp" 1133
"C:/Users/muham/Documents/GitHub/IdleGame/IdleGame/Content/IdleGame/UI/EarthSection/BPW_SaveLoadMenu.uasset" 1134
"C:/Users/muham/Documents/GitHub/IdleGame/IdleGame/Content/IdleGame/UI/EarthSection/BPW_SaveLoadMenu.uexp" 1135
"C:/Users/muham/Documents/GitHub/IdleGame/IdleGame/Content/IdleGame/UI/EarthSection/BPW_MainMenu.uasset" 1136
"C:/Users/muham/Documents/GitHub/IdleGame/IdleGame/Content/IdleGame/UI/EarthSection/BPW_MainMenu.uexp" 1137
"C:/Users/muham/Documents/GitHub/IdleGame/IdleGame/Content/IdleGame/UI/EarthSection/BPW_MasterUI.uasset" 1138
"C:/Users/muham/Documents/GitHub/IdleGame/IdleGame/Content/IdleGame/UI/EarthSection/BPW_MasterUI.uexp" 1139
"C:/Users/muham/Documents/GitHub/IdleGame/IdleGame/Content/IdleGame/UI/EarthSection/BPW_UnclaimedRegionMenu.uasset" 1140
"C:/Users/muham/Documents/GitHub/IdleGame/IdleGame/Content/IdleGame/UI/EarthSection/BPW_UnclaimedRegionMenu.uexp" 1141
"C:/Users/muham/Documents/GitHub/IdleGame/IdleGame/Content/IdleGame/BP_IdleGM.uasset" 1142
"C:/Users/muham/Documents/GitHub/IdleGame/IdleGame/Content/IdleGame/BP_IdleGM.uexp" 1143
"C:/Users/muham/Documents/GitHub/IdleGame/IdleGame/Content/IdleGame/BP_IdlePlayerState.uasset" 1144
"C:/Users/muham/Documents/GitHub/IdleGame/IdleGame/Content/IdleGame/BP_IdlePlayerState.uexp" 1145
"C:/Users/muham/Documents/GitHub/IdleGame/IdleGame/Content/IdleGame/Textures/Images/Earth/WorldMapWBorders.uasset" 1146
"C:/Users/muham/Documents/GitHub/IdleGame/IdleGame/Content/IdleGame/Textures/Images/Earth/WorldMapWBorders.uexp" 1147
"C:/Users/muham/Documents/GitHub/IdleGame/IdleGame/Content/IdleGame/UI/EarthSection/BPW_ResourceTooltip.uasset" 1148
"C:/Users/muham/Documents/GitHub/IdleGame/IdleGame/Content/IdleGame/UI/EarthSection/BPW_ResourceTooltip.uexp" 1149
"C:/Users/muham/Documents/GitHub/IdleGame/IdleGame/Content/IdleGame/UI/EarthSection/BPW_ResourceIcon.uasset" 1150
"C:/Users/muham/Documents/GitHub/IdleGame/IdleGame/Content/IdleGame/UI/EarthSection/BPW_ResourceIcon.uexp" 1151
"C:/Users/muham/Documents/GitHub/IdleGame/IdleGame/Content/IdleGame/Textures/Images/FlareEffect.ubulk" 1152
"C:/Users/muham/Documents/GitHub/IdleGame/IdleGame/Content/IdleGame/Textures/Images/FlareEffect.uasset" 1153
"C:/Users/muham/Documents/GitHub/IdleGame/IdleGame/Content/IdleGame/Textures/Images/FlareEffect.uexp" 1154
"C:/Users/muham/Documents/GitHub/IdleGame/IdleGame/Content/IdleGame/UI/EarthSection/BPW_ClickEffect.uasset" 1155
"C:/Users/muham/Documents/GitHub/IdleGame/IdleGame/Content/IdleGame/UI/EarthSection/BPW_ClickEffect.uexp" 1156
"C:/Users/muham/Documents/GitHub/IdleGame/IdleGame/Content/IdleGame/UI/EarthSection/BPW_Earth.uasset" 1157
"C:/Users/muham/Documents/GitHub/IdleGame/IdleGame/Content/IdleGame/UI/EarthSection/BPW_Earth.uexp" 1158
"C:/Users/muham/Documents/GitHub/IdleGame/IdleGame/Content/IdleGame/UI/EarthSection/BPW_CivilizationMarker.uasset" 1159
"C:/Users/muham/Documents/GitHub/IdleGame/IdleGame/Content/IdleGame/UI/EarthSection/BPW_CivilizationMarker.uexp" 1160
"../../../Engine/Content/Maps/Entry_BuiltData.uasset" 1161
"../../../Engine/Content/Maps/Entry_BuiltData.uexp" 1162
"../../../Engine/Content/Maps/Entry.uexp" 1163
"../../../Engine/Content/Maps/Entry.umap" 1164
"C:/Users/muham/Documents/GitHub/IdleGame/IdleGame/Content/IdleGame/Menu/BP_MainMenu_GM.uasset" 1165
"C:/Users/muham/Documents/GitHub/IdleGame/IdleGame/Content/IdleGame/Menu/BP_MainMenu_GM.uexp" 1166
"C:/Users/muham/Documents/GitHub/IdleGame/IdleGame/Content/IdleGame/Map/MainMenuMap.uexp" 1167
"C:/Users/muham/Documents/GitHub/IdleGame/IdleGame/Content/IdleGame/Map/MainMenuMap.umap" 1168
"C:/Users/muham/Documents/GitHub/IdleGame/IdleGame/Content/IdleGame/Map/IdleLevel.uexp" 1169
"C:/Users/muham/Documents/GitHub/IdleGame/IdleGame/Content/IdleGame/Map/IdleLevel.umap" 1170
